dataset_type,family,instance,repeat,seed,nodes,edges,parameters,density,avg_degree,max_degree,degeneracy,clustering,algorithm,colors,time_seconds,conflicts,valid
synthetic,erdos_renyi,ER_n60_p0.05_r0,0,600050,60,99,n=60;p=0.05,0.05593220338983051,3.3,7,2,0.021111111111111112,greedy_welsh_powell,4,8.034300117287785e-05,0,True
synthetic,erdos_renyi,ER_n60_p0.05_r0,0,600050,60,99,n=60;p=0.05,0.05593220338983051,3.3,7,2,0.021111111111111112,dsatur,3,0.001491258997702971,0,True
synthetic,erdos_renyi,ER_n60_p0.05_r0,0,600050,60,99,n=60;p=0.05,0.05593220338983051,3.3,7,2,0.021111111111111112,tabu_search,3,0.012971980992006138,0,True
synthetic,erdos_renyi,ER_n60_p0.05_r0,0,600050,60,99,n=60;p=0.05,0.05593220338983051,3.3,7,2,0.021111111111111112,structure_aware_hybrid,3,0.0016476870077895,0,True
synthetic,erdos_renyi,ER_n60_p0.05_r1,1,600051,60,99,n=60;p=0.05,0.05593220338983051,3.3,8,3,0.06789682539682539,greedy_welsh_powell,5,7.294998795259744e-05,0,True
synthetic,erdos_renyi,ER_n60_p0.05_r1,1,600051,60,99,n=60;p=0.05,0.05593220338983051,3.3,8,3,0.06789682539682539,dsatur,3,0.0014376269973581657,0,True
synthetic,erdos_renyi,ER_n60_p0.05_r1,1,600051,60,99,n=60;p=0.05,0.05593220338983051,3.3,8,3,0.06789682539682539,tabu_search,3,0.012294774001929909,0,True
synthetic,erdos_renyi,ER_n60_p0.05_r1,1,600051,60,99,n=60;p=0.05,0.05593220338983051,3.3,8,3,0.06789682539682539,structure_aware_hybrid,3,0.001376958010951057,0,True
synthetic,erdos_renyi,ER_n60_p0.05_r2,2,600052,60,99,n=60;p=0.05,0.05593220338983051,3.3,9,3,0.054629629629629625,greedy_welsh_powell,4,5.896299262531102e-05,0,True
synthetic,erdos_renyi,ER_n60_p0.05_r2,2,600052,60,99,n=60;p=0.05,0.05593220338983051,3.3,9,3,0.054629629629629625,dsatur,4,0.00123208700097166,0,True
synthetic,erdos_renyi,ER_n60_p0.05_r2,2,600052,60,99,n=60;p=0.05,0.05593220338983051,3.3,9,3,0.054629629629629625,tabu_search,3,0.015572598989820108,0,True
synthetic,erdos_renyi,ER_n60_p0.05_r2,2,600052,60,99,n=60;p=0.05,0.05593220338983051,3.3,9,3,0.054629629629629625,structure_aware_hybrid,4,0.0012342929985607043,0,True
synthetic,erdos_renyi,ER_n60_p0.05_r3,3,600053,60,88,n=60;p=0.05,0.04971751412429379,2.933333333333333,7,2,0.015000000000000001,greedy_welsh_powell,3,5.66870003240183e-05,0,True
synthetic,erdos_renyi,ER_n60_p0.05_r3,3,600053,60,88,n=60;p=0.05,0.04971751412429379,2.933333333333333,7,2,0.015000000000000001,dsatur,3,0.0012417969992384315,0,True
synthetic,erdos_renyi,ER_n60_p0.05_r3,3,600053,60,88,n=60;p=0.05,0.04971751412429379,2.933333333333333,7,2,0.015000000000000001,tabu_search,3,0.009611252986360341,0,True
synthetic,erdos_renyi,ER_n60_p0.05_r3,3,600053,60,88,n=60;p=0.05,0.04971751412429379,2.933333333333333,7,2,0.015000000000000001,structure_aware_hybrid,3,0.0012145560031058267,0,True
synthetic,erdos_renyi,ER_n60_p0.1_r0,0,600100,60,184,n=60;p=0.1,0.103954802259887,6.133333333333334,11,4,0.09597041847041847,greedy_welsh_powell,5,6.961199687793851e-05,0,True
synthetic,erdos_renyi,ER_n60_p0.1_r0,0,600100,60,184,n=60;p=0.1,0.103954802259887,6.133333333333334,11,4,0.09597041847041847,dsatur,4,0.0014660290034953505,0,True
synthetic,erdos_renyi,ER_n60_p0.1_r0,0,600100,60,184,n=60;p=0.1,0.103954802259887,6.133333333333334,11,4,0.09597041847041847,tabu_search,4,0.014364639995619655,0,True
synthetic,erdos_renyi,ER_n60_p0.1_r0,0,600100,60,184,n=60;p=0.1,0.103954802259887,6.133333333333334,11,4,0.09597041847041847,structure_aware_hybrid,4,0.001481457002228126,0,True
synthetic,erdos_renyi,ER_n60_p0.1_r1,1,600101,60,188,n=60;p=0.1,0.10621468926553672,6.266666666666667,12,4,0.10541606541606541,greedy_welsh_powell,5,6.929499795660377e-05,0,True
synthetic,erdos_renyi,ER_n60_p0.1_r1,1,600101,60,188,n=60;p=0.1,0.10621468926553672,6.266666666666667,12,4,0.10541606541606541,dsatur,4,0.00153104099445045,0,True
synthetic,erdos_renyi,ER_n60_p0.1_r1,1,600101,60,188,n=60;p=0.1,0.10621468926553672,6.266666666666667,12,4,0.10541606541606541,tabu_search,4,0.016068024997366592,0,True
synthetic,erdos_renyi,ER_n60_p0.1_r1,1,600101,60,188,n=60;p=0.1,0.10621468926553672,6.266666666666667,12,4,0.10541606541606541,structure_aware_hybrid,4,0.0015393420035252348,0,True
synthetic,erdos_renyi,ER_n60_p0.1_r2,2,600102,60,178,n=60;p=0.1,0.10056497175141244,5.933333333333334,12,4,0.10275132275132276,greedy_welsh_powell,4,8.487599552609026e-05,0,True
synthetic,erdos_renyi,ER_n60_p0.1_r2,2,600102,60,178,n=60;p=0.1,0.10056497175141244,5.933333333333334,12,4,0.10275132275132276,dsatur,4,0.001599879004061222,0,True
synthetic,erdos_renyi,ER_n60_p0.1_r2,2,600102,60,178,n=60;p=0.1,0.10056497175141244,5.933333333333334,12,4,0.10275132275132276,tabu_search,4,0.01352850098919589,0,True
synthetic,erdos_renyi,ER_n60_p0.1_r2,2,600102,60,178,n=60;p=0.1,0.10056497175141244,5.933333333333334,12,4,0.10275132275132276,structure_aware_hybrid,4,0.0016595360066276044,0,True
synthetic,erdos_renyi,ER_n60_p0.1_r3,3,600103,60,189,n=60;p=0.1,0.10677966101694915,6.3,11,4,0.09921115921115921,greedy_welsh_powell,5,9.184399095829576e-05,0,True
synthetic,erdos_renyi,ER_n60_p0.1_r3,3,600103,60,189,n=60;p=0.1,0.10677966101694915,6.3,11,4,0.09921115921115921,dsatur,4,0.001672593003604561,0,True
synthetic,erdos_renyi,ER_n60_p0.1_r3,3,600103,60,189,n=60;p=0.1,0.10677966101694915,6.3,11,4,0.09921115921115921,tabu_search,4,0.01410842601035256,0,True
synthetic,erdos_renyi,ER_n60_p0.1_r3,3,600103,60,189,n=60;p=0.1,0.10677966101694915,6.3,11,4,0.09921115921115921,structure_aware_hybrid,4,0.001842119003413245,0,True
synthetic,erdos_renyi,ER_n60_p0.2_r0,0,600200,60,367,n=60;p=0.2,0.20734463276836157,12.233333333333333,20,9,0.20487260217136377,greedy_welsh_powell,7,9.356699592899531e-05,0,True
synthetic,erdos_renyi,ER_n60_p0.2_r0,0,600200,60,367,n=60;p=0.2,0.20734463276836157,12.233333333333333,20,9,0.20487260217136377,dsatur,6,0.001980925997486338,0,True
synthetic,erdos_renyi,ER_n60_p0.2_r0,0,600200,60,367,n=60;p=0.2,0.20734463276836157,12.233333333333333,20,9,0.20487260217136377,tabu_search,6,0.023086367989890277,0,True
synthetic,erdos_renyi,ER_n60_p0.2_r0,0,600200,60,367,n=60;p=0.2,0.20734463276836157,12.233333333333333,20,9,0.20487260217136377,structure_aware_hybrid,6,0.025245836994145066,0,True
synthetic,erdos_renyi,ER_n60_p0.2_r1,1,600201,60,360,n=60;p=0.2,0.2033898305084746,12.0,19,8,0.22730443303972717,greedy_welsh_powell,8,9.454399696551263e-05,0,True
synthetic,erdos_renyi,ER_n60_p0.2_r1,1,600201,60,360,n=60;p=0.2,0.2033898305084746,12.0,19,8,0.22730443303972717,dsatur,7,0.002107365013216622,0,True
synthetic,erdos_renyi,ER_n60_p0.2_r1,1,600201,60,360,n=60;p=0.2,0.2033898305084746,12.0,19,8,0.22730443303972717,tabu_search,6,0.03820115800772328,0,True
synthetic,erdos_renyi,ER_n60_p0.2_r1,1,600201,60,360,n=60;p=0.2,0.2033898305084746,12.0,19,8,0.22730443303972717,structure_aware_hybrid,6,0.03723180999804754,0,True
synthetic,erdos_renyi,ER_n60_p0.2_r2,2,600202,60,365,n=60;p=0.2,0.2062146892655367,12.166666666666666,18,8,0.21031176612058963,greedy_welsh_powell,7,0.00010429300891701132,0,True
synthetic,erdos_renyi,ER_n60_p0.2_r2,2,600202,60,365,n=60;p=0.2,0.2062146892655367,12.166666666666666,18,8,0.21031176612058963,dsatur,7,0.0019941670034313574,0,True
synthetic,erdos_renyi,ER_n60_p0.2_r2,2,600202,60,365,n=60;p=0.2,0.2062146892655367,12.166666666666666,18,8,0.21031176612058963,tabu_search,6,0.035076012994977646,0,True
synthetic,erdos_renyi,ER_n60_p0.2_r2,2,600202,60,365,n=60;p=0.2,0.2062146892655367,12.166666666666666,18,8,0.21031176612058963,structure_aware_hybrid,6,0.03507754699967336,0,True
synthetic,erdos_renyi,ER_n60_p0.2_r3,3,600203,60,353,n=60;p=0.2,0.19943502824858758,11.766666666666667,19,8,0.201043589193744,greedy_welsh_powell,7,0.00010096500045619905,0,True
synthetic,erdos_renyi,ER_n60_p0.2_r3,3,600203,60,353,n=60;p=0.2,0.19943502824858758,11.766666666666667,19,8,0.201043589193744,dsatur,6,0.002107941996655427,0,True
synthetic,erdos_renyi,ER_n60_p0.2_r3,3,600203,60,353,n=60;p=0.2,0.19943502824858758,11.766666666666667,19,8,0.201043589193744,tabu_search,6,0.02140477999637369,0,True
synthetic,erdos_renyi,ER_n60_p0.2_r3,3,600203,60,353,n=60;p=0.2,0.19943502824858758,11.766666666666667,19,8,0.201043589193744,structure_aware_hybrid,6,0.020721551991300657,0,True
synthetic,erdos_renyi,ER_n60_p0.4_r0,0,600400,60,698,n=60;p=0.4,0.3943502824858757,23.266666666666666,37,18,0.3938626488400683,greedy_welsh_powell,11,0.00014069100143387914,0,True
synthetic,erdos_renyi,ER_n60_p0.4_r0,0,600400,60,698,n=60;p=0.4,0.3943502824858757,23.266666666666666,37,18,0.3938626488400683,dsatur,10,0.0030393850029213354,0,True
synthetic,erdos_renyi,ER_n60_p0.4_r0,0,600400,60,698,n=60;p=0.4,0.3943502824858757,23.266666666666666,37,18,0.3938626488400683,tabu_search,10,0.04288314400764648,0,True
synthetic,erdos_renyi,ER_n60_p0.4_r0,0,600400,60,698,n=60;p=0.4,0.3943502824858757,23.266666666666666,37,18,0.3938626488400683,structure_aware_hybrid,10,0.04244499201013241,0,True
synthetic,erdos_renyi,ER_n60_p0.4_r1,1,600401,60,725,n=60;p=0.4,0.4096045197740113,24.166666666666668,34,19,0.41640369475464006,greedy_welsh_powell,12,0.0001354749983875081,0,True
synthetic,erdos_renyi,ER_n60_p0.4_r1,1,600401,60,725,n=60;p=0.4,0.4096045197740113,24.166666666666668,34,19,0.41640369475464006,dsatur,10,0.003213368996512145,0,True
synthetic,erdos_renyi,ER_n60_p0.4_r1,1,600401,60,725,n=60;p=0.4,0.4096045197740113,24.166666666666668,34,19,0.41640369475464006,tabu_search,10,0.046989351001684554,0,True
synthetic,erdos_renyi,ER_n60_p0.4_r1,1,600401,60,725,n=60;p=0.4,0.4096045197740113,24.166666666666668,34,19,0.41640369475464006,structure_aware_hybrid,10,0.046623583999462426,0,True
synthetic,erdos_renyi,ER_n60_p0.4_r2,2,600402,60,703,n=60;p=0.4,0.39717514124293785,23.433333333333334,30,18,0.39704948943387197,greedy_welsh_powell,10,0.000132760003907606,0,True
synthetic,erdos_renyi,ER_n60_p0.4_r2,2,600402,60,703,n=60;p=0.4,0.39717514124293785,23.433333333333334,30,18,0.39704948943387197,dsatur,9,0.0029692579992115498,0,True
synthetic,erdos_renyi,ER_n60_p0.4_r2,2,600402,60,703,n=60;p=0.4,0.39717514124293785,23.433333333333334,30,18,0.39704948943387197,tabu_search,9,0.0590378850029083,0,True
synthetic,erdos_renyi,ER_n60_p0.4_r2,2,600402,60,703,n=60;p=0.4,0.39717514124293785,23.433333333333334,30,18,0.39704948943387197,structure_aware_hybrid,9,0.05787279599462636,0,True
synthetic,erdos_renyi,ER_n60_p0.4_r3,3,600403,60,725,n=60;p=0.4,0.4096045197740113,24.166666666666668,31,18,0.4146847268635063,greedy_welsh_powell,11,0.0001419869950041175,0,True
synthetic,erdos_renyi,ER_n60_p0.4_r3,3,600403,60,725,n=60;p=0.4,0.4096045197740113,24.166666666666668,31,18,0.4146847268635063,dsatur,12,0.0031566950056003407,0,True
synthetic,erdos_renyi,ER_n60_p0.4_r3,3,600403,60,725,n=60;p=0.4,0.4096045197740113,24.166666666666668,31,18,0.4146847268635063,tabu_search,10,0.12111078499583527,0,True
synthetic,erdos_renyi,ER_n60_p0.4_r3,3,600403,60,725,n=60;p=0.4,0.4096045197740113,24.166666666666668,31,18,0.4146847268635063,structure_aware_hybrid,10,0.12262858300528023,0,True
synthetic,erdos_renyi,ER_n120_p0.05_r0,0,1200050,120,354,n=120;p=0.05,0.04957983193277311,5.9,13,4,0.03989787989787989,greedy_welsh_powell,5,0.00013348899665288627,0,True
synthetic,erdos_renyi,ER_n120_p0.05_r0,0,1200050,120,354,n=120;p=0.05,0.04957983193277311,5.9,13,4,0.03989787989787989,dsatur,5,0.005737296000006609,0,True
synthetic,erdos_renyi,ER_n120_p0.05_r0,0,1200050,120,354,n=120;p=0.05,0.04957983193277311,5.9,13,4,0.03989787989787989,tabu_search,4,0.04921369800285902,0,True
synthetic,erdos_renyi,ER_n120_p0.05_r0,0,1200050,120,354,n=120;p=0.05,0.04957983193277311,5.9,13,4,0.03989787989787989,structure_aware_hybrid,5,0.006801556999562308,0,True
synthetic,erdos_renyi,ER_n120_p0.05_r1,1,1200051,120,347,n=120;p=0.05,0.048599439775910365,5.783333333333333,13,4,0.06268305768305768,greedy_welsh_powell,4,0.00013020601181779057,0,True
synthetic,erdos_renyi,ER_n120_p0.05_r1,1,1200051,120,347,n=120;p=0.05,0.048599439775910365,5.783333333333333,13,4,0.06268305768305768,dsatur,4,0.005678943998645991,0,True
synthetic,erdos_renyi,ER_n120_p0.05_r1,1,1200051,120,347,n=120;p=0.05,0.048599439775910365,5.783333333333333,13,4,0.06268305768305768,tabu_search,4,0.03505499300081283,0,True
synthetic,erdos_renyi,ER_n120_p0.05_r1,1,1200051,120,347,n=120;p=0.05,0.048599439775910365,5.783333333333333,13,4,0.06268305768305768,structure_aware_hybrid,4,0.006764133999240585,0,True
synthetic,erdos_renyi,ER_n120_p0.05_r2,2,1200052,120,347,n=120;p=0.05,0.048599439775910365,5.783333333333333,14,4,0.04396099271099271,greedy_welsh_powell,5,0.00012712800526060164,0,True
synthetic,erdos_renyi,ER_n120_p0.05_r2,2,1200052,120,347,n=120;p=0.05,0.048599439775910365,5.783333333333333,14,4,0.04396099271099271,dsatur,5,0.006658633996266872,0,True
synthetic,erdos_renyi,ER_n120_p0.05_r2,2,1200052,120,347,n=120;p=0.05,0.048599439775910365,5.783333333333333,14,4,0.04396099271099271,tabu_search,4,0.05135513600544073,0,True
synthetic,erdos_renyi,ER_n120_p0.05_r2,2,1200052,120,347,n=120;p=0.05,0.048599439775910365,5.783333333333333,14,4,0.04396099271099271,structure_aware_hybrid,5,0.0060636829875875264,0,True
synthetic,erdos_renyi,ER_n120_p0.05_r3,3,1200053,120,346,n=120;p=0.05,0.0484593837535014,5.766666666666667,14,4,0.043951557701557696,greedy_welsh_powell,5,0.00013374999980442226,0,True
synthetic,erdos_renyi,ER_n120_p0.05_r3,3,1200053,120,346,n=120;p=0.05,0.0484593837535014,5.766666666666667,14,4,0.043951557701557696,dsatur,4,0.006863114002044313,0,True
synthetic,erdos_renyi,ER_n120_p0.05_r3,3,1200053,120,346,n=120;p=0.05,0.0484593837535014,5.766666666666667,14,4,0.043951557701557696,tabu_search,4,0.034896418001153506,0,True
synthetic,erdos_renyi,ER_n120_p0.05_r3,3,1200053,120,346,n=120;p=0.05,0.0484593837535014,5.766666666666667,14,4,0.043951557701557696,structure_aware_hybrid,4,0.005869091997737996,0,True
synthetic,erdos_renyi,ER_n120_p0.1_r0,0,1200100,120,713,n=120;p=0.1,0.09985994397759104,11.883333333333333,23,8,0.09769912704653248,greedy_welsh_powell,7,0.00020514200150500983,0,True
synthetic,erdos_renyi,ER_n120_p0.1_r0,0,1200100,120,713,n=120;p=0.1,0.09985994397759104,11.883333333333333,23,8,0.09769912704653248,dsatur,6,0.008238865004386753,0,True
synthetic,erdos_renyi,ER_n120_p0.1_r0,0,1200100,120,713,n=120;p=0.1,0.09985994397759104,11.883333333333333,23,8,0.09769912704653248,tabu_search,6,0.06547719400259666,0,True
synthetic,erdos_renyi,ER_n120_p0.1_r0,0,1200100,120,713,n=120;p=0.1,0.09985994397759104,11.883333333333333,23,8,0.09769912704653248,structure_aware_hybrid,6,0.009164484989014454,0,True
synthetic,erdos_renyi,ER_n120_p0.1_r1,1,1200101,120,757,n=120;p=0.1,0.10602240896358543,12.616666666666667,23,9,0.11445688517148336,greedy_welsh_powell,8,0.00017231699894182384,0,True
synthetic,erdos_renyi,ER_n120_p0.1_r1,1,1200101,120,757,n=120;p=0.1,0.10602240896358543,12.616666666666667,23,9,0.11445688517148336,dsatur,6,0.009093002998270094,0,True
synthetic,erdos_renyi,ER_n120_p0.1_r1,1,1200101,120,757,n=120;p=0.1,0.10602240896358543,12.616666666666667,23,9,0.11445688517148336,tabu_search,6,0.06319645600160584,0,True
synthetic,erdos_renyi,ER_n120_p0.1_r1,1,1200101,120,757,n=120;p=0.1,0.10602240896358543,12.616666666666667,23,9,0.11445688517148336,structure_aware_hybrid,6,0.0085215290018823,0,True
synthetic,erdos_renyi,ER_n120_p0.1_r2,2,1200102,120,735,n=120;p=0.1,0.10294117647058823,12.25,24,8,0.10635620096365149,greedy_welsh_powell,7,0.0002157520066248253,0,True
synthetic,erdos_renyi,ER_n120_p0.1_r2,2,1200102,120,735,n=120;p=0.1,0.10294117647058823,12.25,24,8,0.10635620096365149,dsatur,6,0.008563972005504183,0,True
synthetic,erdos_renyi,ER_n120_p0.1_r2,2,1200102,120,735,n=120;p=0.1,0.10294117647058823,12.25,24,8,0.10635620096365149,tabu_search,6,0.06663386199215893,0,True
synthetic,erdos_renyi,ER_n120_p0.1_r2,2,1200102,120,735,n=120;p=0.1,0.10294117647058823,12.25,24,8,0.10635620096365149,structure_aware_hybrid,6,0.008374450000701472,0,True
synthetic,erdos_renyi,ER_n120_p0.1_r3,3,1200103,120,697,n=120;p=0.1,0.09761904761904762,11.616666666666667,18,8,0.09874163010192422,greedy_welsh_powell,7,0.00017116298840846866,0,True
synthetic,erdos_renyi,ER_n120_p0.1_r3,3,1200103,120,697,n=120;p=0.1,0.09761904761904762,11.616666666666667,18,8,0.09874163010192422,dsatur,6,0.007912692002719268,0,True
synthetic,erdos_renyi,ER_n120_p0.1_r3,3,1200103,120,697,n=120;p=0.1,0.09761904761904762,11.616666666666667,18,8,0.09874163010192422,tabu_search,6,0.05645053800253663,0,True
synthetic,erdos_renyi,ER_n120_p0.1_r3,3,1200103,120,697,n=120;p=0.1,0.09761904761904762,11.616666666666667,18,8,0.09874163010192422,structure_aware_hybrid,6,0.007655562003492378,0,True
synthetic,erdos_renyi,ER_n120_p0.2_r0,0,1200200,120,1451,n=120;p=0.2,0.20322128851540616,24.183333333333334,39,17,0.20363807680182258,greedy_welsh_powell,11,0.000266617993474938,0,True
synthetic,erdos_renyi,ER_n120_p0.2_r0,0,1200200,120,1451,n=120;p=0.2,0.20322128851540616,24.183333333333334,39,17,0.20363807680182258,dsatur,10,0.01281839600414969,0,True
synthetic,erdos_renyi,ER_n120_p0.2_r0,0,1200200,120,1451,n=120;p=0.2,0.20322128851540616,24.183333333333334,39,17,0.20363807680182258,tabu_search,10,0.13466985200648196,0,True
synthetic,erdos_renyi,ER_n120_p0.2_r0,0,1200200,120,1451,n=120;p=0.2,0.20322128851540616,24.183333333333334,39,17,0.20363807680182258,structure_aware_hybrid,10,0.13453206200210843,0,True
synthetic,erdos_renyi,ER_n120_p0.2_r1,1,1200201,120,1420,n=120;p=0.2,0.19887955182072828,23.666666666666668,36,17,0.19672004711268898,greedy_welsh_powell,11,0.00026104900462087244,0,True
synthetic,erdos_renyi,ER_n120_p0.2_r1,1,1200201,120,1420,n=120;p=0.2,0.19887955182072828,23.666666666666668,36,17,0.19672004711268898,dsatur,9,0.012815034002414905,0,True
synthetic,erdos_renyi,ER_n120_p0.2_r1,1,1200201,120,1420,n=120;p=0.2,0.19887955182072828,23.666666666666668,36,17,0.19672004711268898,tabu_search,9,0.13345705599931534,0,True
synthetic,erdos_renyi,ER_n120_p0.2_r1,1,1200201,120,1420,n=120;p=0.2,0.19887955182072828,23.666666666666668,36,17,0.19672004711268898,structure_aware_hybrid,9,0.13121866300934926,0,True
synthetic,erdos_renyi,ER_n120_p0.2_r2,2,1200202,120,1407,n=120;p=0.2,0.19705882352941176,23.45,33,17,0.20218741336421106,greedy_welsh_powell,11,0.00025589899451006204,0,True
synthetic,erdos_renyi,ER_n120_p0.2_r2,2,1200202,120,1407,n=120;p=0.2,0.19705882352941176,23.45,33,17,0.20218741336421106,dsatur,10,0.012790207998477854,0,True
synthetic,erdos_renyi,ER_n120_p0.2_r2,2,1200202,120,1407,n=120;p=0.2,0.19705882352941176,23.45,33,17,0.20218741336421106,tabu_search,10,0.12956467799085658,0,True
synthetic,erdos_renyi,ER_n120_p0.2_r2,2,1200202,120,1407,n=120;p=0.2,0.19705882352941176,23.45,33,17,0.20218741336421106,structure_aware_hybrid,10,0.13030375700327568,0,True
synthetic,erdos_renyi,ER_n120_p0.2_r3,3,1200203,120,1442,n=120;p=0.2,0.2019607843137255,24.033333333333335,37,17,0.20487661026989085,greedy_welsh_powell,11,0.0002995289978571236,0,True
synthetic,erdos_renyi,ER_n120_p0.2_r3,3,1200203,120,1442,n=120;p=0.2,0.2019607843137255,24.033333333333335,37,17,0.20487661026989085,dsatur,10,0.012503851990913972,0,True
synthetic,erdos_renyi,ER_n120_p0.2_r3,3,1200203,120,1442,n=120;p=0.2,0.2019607843137255,24.033333333333335,37,17,0.20487661026989085,tabu_search,10,0.13924932800000533,0,True
synthetic,erdos_renyi,ER_n120_p0.2_r3,3,1200203,120,1442,n=120;p=0.2,0.2019607843137255,24.033333333333335,37,17,0.20487661026989085,structure_aware_hybrid,10,0.13850913099304307,0,True
synthetic,erdos_renyi,ER_n120_p0.4_r0,0,1200400,120,2881,n=120;p=0.4,0.4035014005602241,48.016666666666666,67,38,0.40305919593285255,greedy_welsh_powell,18,0.000438035000115633,0,True
synthetic,erdos_renyi,ER_n120_p0.4_r0,0,1200400,120,2881,n=120;p=0.4,0.4035014005602241,48.016666666666666,67,38,0.40305919593285255,dsatur,17,0.0209432910050964,0,True
synthetic,erdos_renyi,ER_n120_p0.4_r0,0,1200400,120,2881,n=120;p=0.4,0.4035014005602241,48.016666666666666,67,38,0.40305919593285255,tabu_search,17,0.3653358279989334,0,True
synthetic,erdos_renyi,ER_n120_p0.4_r0,0,1200400,120,2881,n=120;p=0.4,0.4035014005602241,48.016666666666666,67,38,0.40305919593285255,structure_aware_hybrid,17,0.3645021970005473,0,True
synthetic,erdos_renyi,ER_n120_p0.4_r1,1,1200401,120,2877,n=120;p=0.4,0.40294117647058825,47.95,61,38,0.40065774871932025,greedy_welsh_powell,18,0.00047186200390569866,0,True
synthetic,erdos_renyi,ER_n120_p0.4_r1,1,1200401,120,2877,n=120;p=0.4,0.40294117647058825,47.95,61,38,0.40065774871932025,dsatur,17,0.021433717993204482,0,True
synthetic,erdos_renyi,ER_n120_p0.4_r1,1,1200401,120,2877,n=120;p=0.4,0.40294117647058825,47.95,61,38,0.40065774871932025,tabu_search,17,0.33695592600270174,0,True
synthetic,erdos_renyi,ER_n120_p0.4_r1,1,1200401,120,2877,n=120;p=0.4,0.40294117647058825,47.95,61,38,0.40065774871932025,structure_aware_hybrid,17,0.33716648700647056,0,True
synthetic,erdos_renyi,ER_n120_p0.4_r2,2,1200402,120,2869,n=120;p=0.4,0.40182072829131654,47.81666666666667,62,39,0.39990109310563576,greedy_welsh_powell,21,0.00042865899740718305,0,True
synthetic,erdos_renyi,ER_n120_p0.4_r2,2,1200402,120,2869,n=120;p=0.4,0.40182072829131654,47.81666666666667,62,39,0.39990109310563576,dsatur,17,0.021994116992573254,0,True
synthetic,erdos_renyi,ER_n120_p0.4_r2,2,1200402,120,2869,n=120;p=0.4,0.40182072829131654,47.81666666666667,62,39,0.39990109310563576,tabu_search,17,0.3640685340069467,0,True
synthetic,erdos_renyi,ER_n120_p0.4_r2,2,1200402,120,2869,n=120;p=0.4,0.40182072829131654,47.81666666666667,62,39,0.39990109310563576,structure_aware_hybrid,17,0.36435256100958213,0,True
synthetic,erdos_renyi,ER_n120_p0.4_r3,3,1200403,120,2869,n=120;p=0.4,0.40182072829131654,47.81666666666667,61,38,0.40181705127293427,greedy_welsh_powell,18,0.00042276900785509497,0,True
synthetic,erdos_renyi,ER_n120_p0.4_r3,3,1200403,120,2869,n=120;p=0.4,0.40182072829131654,47.81666666666667,61,38,0.40181705127293427,dsatur,17,0.021648005000315607,0,True
synthetic,erdos_renyi,ER_n120_p0.4_r3,3,1200403,120,2869,n=120;p=0.4,0.40182072829131654,47.81666666666667,61,38,0.40181705127293427,tabu_search,17,0.3775845449999906,0,True
synthetic,erdos_renyi,ER_n120_p0.4_r3,3,1200403,120,2869,n=120;p=0.4,0.40182072829131654,47.81666666666667,61,38,0.40181705127293427,structure_aware_hybrid,17,0.37009707500692457,0,True
synthetic,erdos_renyi,ER_n180_p0.05_r0,0,1800050,180,745,n=180;p=0.05,0.046244568590937306,8.277777777777779,17,6,0.048799922844040486,greedy_welsh_powell,6,0.00022005800565239042,0,True
synthetic,erdos_renyi,ER_n180_p0.05_r0,0,1800050,180,745,n=180;p=0.05,0.046244568590937306,8.277777777777779,17,6,0.048799922844040486,dsatur,5,0.015587126006721519,0,True
synthetic,erdos_renyi,ER_n180_p0.05_r0,0,1800050,180,745,n=180;p=0.05,0.046244568590937306,8.277777777777779,17,6,0.048799922844040486,tabu_search,5,0.0775299509987235,0,True
synthetic,erdos_renyi,ER_n180_p0.05_r0,0,1800050,180,745,n=180;p=0.05,0.046244568590937306,8.277777777777779,17,6,0.048799922844040486,structure_aware_hybrid,5,0.015483808005228639,0,True
synthetic,erdos_renyi,ER_n180_p0.05_r1,1,1800051,180,807,n=180;p=0.05,0.050093109869646185,8.966666666666667,16,6,0.04635637510637511,greedy_welsh_powell,6,0.00022561900550499558,0,True
synthetic,erdos_renyi,ER_n180_p0.05_r1,1,1800051,180,807,n=180;p=0.05,0.050093109869646185,8.966666666666667,16,6,0.04635637510637511,dsatur,5,0.016151507996255532,0,True
synthetic,erdos_renyi,ER_n180_p0.05_r1,1,1800051,180,807,n=180;p=0.05,0.050093109869646185,8.966666666666667,16,6,0.04635637510637511,tabu_search,5,0.08846299699507654,0,True
synthetic,erdos_renyi,ER_n180_p0.05_r1,1,1800051,180,807,n=180;p=0.05,0.050093109869646185,8.966666666666667,16,6,0.04635637510637511,structure_aware_hybrid,5,0.016395496990298852,0,True
synthetic,erdos_renyi,ER_n180_p0.05_r2,2,1800052,180,798,n=180;p=0.05,0.04953445065176909,8.866666666666667,18,6,0.040988458709046945,greedy_welsh_powell,6,0.00022904400248080492,0,True
synthetic,erdos_renyi,ER_n180_p0.05_r2,2,1800052,180,798,n=180;p=0.05,0.04953445065176909,8.866666666666667,18,6,0.040988458709046945,dsatur,5,0.016119499006890692,0,True
synthetic,erdos_renyi,ER_n180_p0.05_r2,2,1800052,180,798,n=180;p=0.05,0.04953445065176909,8.866666666666667,18,6,0.040988458709046945,tabu_search,5,0.08606331300688908,0,True
synthetic,erdos_renyi,ER_n180_p0.05_r2,2,1800052,180,798,n=180;p=0.05,0.04953445065176909,8.866666666666667,18,6,0.040988458709046945,structure_aware_hybrid,5,0.016162298998096958,0,True
synthetic,erdos_renyi,ER_n180_p0.05_r3,3,1800053,180,831,n=180;p=0.05,0.051582867783985104,9.233333333333333,18,6,0.05625257821336253,greedy_welsh_powell,6,0.00024350298917852342,0,True
synthetic,erdos_renyi,ER_n180_p0.05_r3,3,1800053,180,831,n=180;p=0.05,0.051582867783985104,9.233333333333333,18,6,0.05625257821336253,dsatur,5,0.016309148995787837,0,True
synthetic,erdos_renyi,ER_n180_p0.05_r3,3,1800053,180,831,n=180;p=0.05,0.051582867783985104,9.233333333333333,18,6,0.05625257821336253,tabu_search,5,0.0898330089985393,0,True
synthetic,erdos_renyi,ER_n180_p0.05_r3,3,1800053,180,831,n=180;p=0.05,0.051582867783985104,9.233333333333333,18,6,0.05625257821336253,structure_aware_hybrid,5,0.016347491997294128,0,True
synthetic,erdos_renyi,ER_n180_p0.1_r0,0,1800100,180,1575,n=180;p=0.1,0.09776536312849161,17.5,27,12,0.09665586149278062,greedy_welsh_powell,9,0.0003166249953210354,0,True
synthetic,erdos_renyi,ER_n180_p0.1_r0,0,1800100,180,1575,n=180;p=0.1,0.09776536312849161,17.5,27,12,0.09665586149278062,dsatur,8,0.023772611006279476,0,True
synthetic,erdos_renyi,ER_n180_p0.1_r0,0,1800100,180,1575,n=180;p=0.1,0.09776536312849161,17.5,27,12,0.09665586149278062,tabu_search,8,0.16312365599151235,0,True
synthetic,erdos_renyi,ER_n180_p0.1_r0,0,1800100,180,1575,n=180;p=0.1,0.09776536312849161,17.5,27,12,0.09665586149278062,structure_aware_hybrid,8,0.024370443003135733,0,True
synthetic,erdos_renyi,ER_n180_p0.1_r1,1,1800101,180,1570,n=180;p=0.1,0.09745499689633767,17.444444444444443,28,12,0.09425575402026547,greedy_welsh_powell,9,0.00032507500145584345,0,True
synthetic,erdos_renyi,ER_n180_p0.1_r1,1,1800101,180,1570,n=180;p=0.1,0.09745499689633767,17.444444444444443,28,12,0.09425575402026547,dsatur,8,0.022783556007198058,0,True
synthetic,erdos_renyi,ER_n180_p0.1_r1,1,1800101,180,1570,n=180;p=0.1,0.09745499689633767,17.444444444444443,28,12,0.09425575402026547,tabu_search,8,0.16292307800904382,0,True
synthetic,erdos_renyi,ER_n180_p0.1_r1,1,1800101,180,1570,n=180;p=0.1,0.09745499689633767,17.444444444444443,28,12,0.09425575402026547,structure_aware_hybrid,8,0.02315647099749185,0,True
synthetic,erdos_renyi,ER_n180_p0.1_r2,2,1800102,180,1570,n=180;p=0.1,0.09745499689633767,17.444444444444443,32,12,0.0975781648512483,greedy_welsh_powell,9,0.00037852600507903844,0,True
synthetic,erdos_renyi,ER_n180_p0.1_r2,2,1800102,180,1570,n=180;p=0.1,0.09745499689633767,17.444444444444443,32,12,0.0975781648512483,dsatur,8,0.023506836005253717,0,True
synthetic,erdos_renyi,ER_n180_p0.1_r2,2,1800102,180,1570,n=180;p=0.1,0.09745499689633767,17.444444444444443,32,12,0.0975781648512483,tabu_search,8,0.16709825200086925,0,True
synthetic,erdos_renyi,ER_n180_p0.1_r2,2,1800102,180,1570,n=180;p=0.1,0.09745499689633767,17.444444444444443,32,12,0.0975781648512483,structure_aware_hybrid,8,0.022934937005629763,0,True
synthetic,erdos_renyi,ER_n180_p0.1_r3,3,1800103,180,1577,n=180;p=0.1,0.09788950962135319,17.522222222222222,26,12,0.09610074730063961,greedy_welsh_powell,9,0.0004303390014683828,0,True
synthetic,erdos_renyi,ER_n180_p0.1_r3,3,1800103,180,1577,n=180;p=0.1,0.09788950962135319,17.522222222222222,26,12,0.09610074730063961,dsatur,8,0.02304436000122223,0,True
synthetic,erdos_renyi,ER_n180_p0.1_r3,3,1800103,180,1577,n=180;p=0.1,0.09788950962135319,17.522222222222222,26,12,0.09610074730063961,tabu_search,8,0.16773318700143136,0,True
synthetic,erdos_renyi,ER_n180_p0.1_r3,3,1800103,180,1577,n=180;p=0.1,0.09788950962135319,17.522222222222222,26,12,0.09610074730063961,structure_aware_hybrid,8,0.023132292000809684,0,True
synthetic,erdos_renyi,ER_n180_p0.2_r0,0,1800200,180,3199,n=180;p=0.2,0.19857231533209188,35.544444444444444,50,27,0.19875100161816775,greedy_welsh_powell,14,0.0004963329993188381,0,True
synthetic,erdos_renyi,ER_n180_p0.2_r0,0,1800200,180,3199,n=180;p=0.2,0.19857231533209188,35.544444444444444,50,27,0.19875100161816775,dsatur,13,0.038667931003146805,0,True
synthetic,erdos_renyi,ER_n180_p0.2_r0,0,1800200,180,3199,n=180;p=0.2,0.19857231533209188,35.544444444444444,50,27,0.19875100161816775,tabu_search,13,0.4353248719999101,0,True
synthetic,erdos_renyi,ER_n180_p0.2_r0,0,1800200,180,3199,n=180;p=0.2,0.19857231533209188,35.544444444444444,50,27,0.19875100161816775,structure_aware_hybrid,13,0.4353583429910941,0,True
synthetic,erdos_renyi,ER_n180_p0.2_r1,1,1800201,180,3198,n=180;p=0.2,0.1985102420856611,35.53333333333333,50,27,0.20125116499691728,greedy_welsh_powell,15,0.0005080179980723187,0,True
synthetic,erdos_renyi,ER_n180_p0.2_r1,1,1800201,180,3198,n=180;p=0.2,0.1985102420856611,35.53333333333333,50,27,0.20125116499691728,dsatur,13,0.04134476000035647,0,True
synthetic,erdos_renyi,ER_n180_p0.2_r1,1,1800201,180,3198,n=180;p=0.2,0.1985102420856611,35.53333333333333,50,27,0.20125116499691728,tabu_search,13,0.42826168100873474,0,True
synthetic,erdos_renyi,ER_n180_p0.2_r1,1,1800201,180,3198,n=180;p=0.2,0.1985102420856611,35.53333333333333,50,27,0.20125116499691728,structure_aware_hybrid,13,0.42713406900293194,0,True
synthetic,erdos_renyi,ER_n180_p0.2_r2,2,1800202,180,3270,n=180;p=0.2,0.20297951582867785,36.333333333333336,47,28,0.2018555888279055,greedy_welsh_powell,14,0.00050639700202737,0,True
synthetic,erdos_renyi,ER_n180_p0.2_r2,2,1800202,180,3270,n=180;p=0.2,0.20297951582867785,36.333333333333336,47,28,0.2018555888279055,dsatur,13,0.04058477299986407,0,True
synthetic,erdos_renyi,ER_n180_p0.2_r2,2,1800202,180,3270,n=180;p=0.2,0.20297951582867785,36.333333333333336,47,28,0.2018555888279055,tabu_search,13,0.460633262002375,0,True
synthetic,erdos_renyi,ER_n180_p0.2_r2,2,1800202,180,3270,n=180;p=0.2,0.20297951582867785,36.333333333333336,47,28,0.2018555888279055,structure_aware_hybrid,13,0.46173422000720166,0,True
synthetic,erdos_renyi,ER_n180_p0.2_r3,3,1800203,180,3223,n=180;p=0.2,0.2000620732464308,35.81111111111111,51,27,0.19871013659466677,greedy_welsh_powell,14,0.0005001859972253442,0,True
synthetic,erdos_renyi,ER_n180_p0.2_r3,3,1800203,180,3223,n=180;p=0.2,0.2000620732464308,35.81111111111111,51,27,0.19871013659466677,dsatur,13,0.03937352600041777,0,True
synthetic,erdos_renyi,ER_n180_p0.2_r3,3,1800203,180,3223,n=180;p=0.2,0.2000620732464308,35.81111111111111,51,27,0.19871013659466677,tabu_search,13,0.432470400002785,0,True
synthetic,erdos_renyi,ER_n180_p0.2_r3,3,1800203,180,3223,n=180;p=0.2,0.2000620732464308,35.81111111111111,51,27,0.19871013659466677,structure_aware_hybrid,13,0.43186645599780604,0,True
synthetic,erdos_renyi,ER_n180_p0.4_r0,0,1800400,180,6549,n=180;p=0.4,0.40651769087523276,72.76666666666667,90,60,0.4059640483944892,greedy_welsh_powell,25,0.0008578759880037978,0,True
synthetic,erdos_renyi,ER_n180_p0.4_r0,0,1800400,180,6549,n=180;p=0.4,0.40651769087523276,72.76666666666667,90,60,0.4059640483944892,dsatur,22,0.06875164801022038,0,True
synthetic,erdos_renyi,ER_n180_p0.4_r0,0,1800400,180,6549,n=180;p=0.4,0.40651769087523276,72.76666666666667,90,60,0.4059640483944892,tabu_search,22,1.294616473998758,0,True
synthetic,erdos_renyi,ER_n180_p0.4_r0,0,1800400,180,6549,n=180;p=0.4,0.40651769087523276,72.76666666666667,90,60,0.4059640483944892,structure_aware_hybrid,22,1.317670170989004,0,True
synthetic,erdos_renyi,ER_n180_p0.4_r1,1,1800401,180,6383,n=180;p=0.4,0.3962135319677219,70.92222222222222,87,58,0.3949490275854081,greedy_welsh_powell,25,0.0009123060008278117,0,True
synthetic,erdos_renyi,ER_n180_p0.4_r1,1,1800401,180,6383,n=180;p=0.4,0.3962135319677219,70.92222222222222,87,58,0.3949490275854081,dsatur,22,0.06744549400173128,0,True
synthetic,erdos_renyi,ER_n180_p0.4_r1,1,1800401,180,6383,n=180;p=0.4,0.3962135319677219,70.92222222222222,87,58,0.3949490275854081,tabu_search,22,1.2658349700068356,0,True
synthetic,erdos_renyi,ER_n180_p0.4_r1,1,1800401,180,6383,n=180;p=0.4,0.3962135319677219,70.92222222222222,87,58,0.3949490275854081,structure_aware_hybrid,22,1.2695596499979729,0,True
synthetic,erdos_renyi,ER_n180_p0.4_r2,2,1800402,180,6500,n=180;p=0.4,0.40347610180012417,72.22222222222223,93,60,0.4030549762431574,greedy_welsh_powell,27,0.0008522349962731823,0,True
synthetic,erdos_renyi,ER_n180_p0.4_r2,2,1800402,180,6500,n=180;p=0.4,0.40347610180012417,72.22222222222223,93,60,0.4030549762431574,dsatur,22,0.06976520699390676,0,True
synthetic,erdos_renyi,ER_n180_p0.4_r2,2,1800402,180,6500,n=180;p=0.4,0.40347610180012417,72.22222222222223,93,60,0.4030549762431574,tabu_search,22,1.3059418960037874,0,True
synthetic,erdos_renyi,ER_n180_p0.4_r2,2,1800402,180,6500,n=180;p=0.4,0.40347610180012417,72.22222222222223,93,60,0.4030549762431574,structure_aware_hybrid,22,1.7134983590076445,0,True
synthetic,erdos_renyi,ER_n180_p0.4_r3,3,1800403,180,6512,n=180;p=0.4,0.4042209807572936,72.35555555555555,92,59,0.4052379585217355,greedy_welsh_powell,25,0.0009847830078797415,0,True
synthetic,erdos_renyi,ER_n180_p0.4_r3,3,1800403,180,6512,n=180;p=0.4,0.4042209807572936,72.35555555555555,92,59,0.4052379585217355,dsatur,24,0.06860302000131924,0,True
synthetic,erdos_renyi,ER_n180_p0.4_r3,3,1800403,180,6512,n=180;p=0.4,0.4042209807572936,72.35555555555555,92,59,0.4052379585217355,tabu_search,24,1.3736478960054228,0,True
synthetic,erdos_renyi,ER_n180_p0.4_r3,3,1800403,180,6512,n=180;p=0.4,0.4042209807572936,72.35555555555555,92,59,0.4052379585217355,structure_aware_hybrid,24,1.3375339070043992,0,True
synthetic,barabasi_albert,barabasi_albert_n60_m=2_r0,0,1201518,60,116,n=60;m=2,0.0655367231638418,3.8666666666666667,18,2,0.19080476168711463,greedy_welsh_powell,3,5.608599167317152e-05,0,True
synthetic,barabasi_albert,barabasi_albert_n60_m=2_r0,0,1201518,60,116,n=60;m=2,0.0655367231638418,3.8666666666666667,18,2,0.19080476168711463,dsatur,3,0.0012526150094345212,0,True
synthetic,barabasi_albert,barabasi_albert_n60_m=2_r0,0,1201518,60,116,n=60;m=2,0.0655367231638418,3.8666666666666667,18,2,0.19080476168711463,tabu_search,3,0.011246137000853196,0,True
synthetic,barabasi_albert,barabasi_albert_n60_m=2_r0,0,1201518,60,116,n=60;m=2,0.0655367231638418,3.8666666666666667,18,2,0.19080476168711463,structure_aware_hybrid,3,0.0013700309937121347,0,True
synthetic,barabasi_albert,barabasi_albert_n60_m=2_r1,1,1201535,60,116,n=60;m=2,0.0655367231638418,3.8666666666666667,17,2,0.2248973493826435,greedy_welsh_powell,3,5.4795003961771727e-05,0,True
synthetic,barabasi_albert,barabasi_albert_n60_m=2_r1,1,1201535,60,116,n=60;m=2,0.0655367231638418,3.8666666666666667,17,2,0.2248973493826435,dsatur,3,0.0012555280118249357,0,True
synthetic,barabasi_albert,barabasi_albert_n60_m=2_r1,1,1201535,60,116,n=60;m=2,0.0655367231638418,3.8666666666666667,17,2,0.2248973493826435,tabu_search,3,0.012773340989951976,0,True
synthetic,barabasi_albert,barabasi_albert_n60_m=2_r1,1,1201535,60,116,n=60;m=2,0.0655367231638418,3.8666666666666667,17,2,0.2248973493826435,structure_aware_hybrid,3,0.0013068120024399832,0,True
synthetic,barabasi_albert,barabasi_albert_n60_m=2_r2,2,1201552,60,116,n=60;m=2,0.0655367231638418,3.8666666666666667,13,2,0.11069273319273319,greedy_welsh_powell,4,5.584700556937605e-05,0,True
synthetic,barabasi_albert,barabasi_albert_n60_m=2_r2,2,1201552,60,116,n=60;m=2,0.0655367231638418,3.8666666666666667,13,2,0.11069273319273319,dsatur,3,0.0012612280115718022,0,True
synthetic,barabasi_albert,barabasi_albert_n60_m=2_r2,2,1201552,60,116,n=60;m=2,0.0655367231638418,3.8666666666666667,13,2,0.11069273319273319,tabu_search,3,0.012127910988056101,0,True
synthetic,barabasi_albert,barabasi_albert_n60_m=2_r2,2,1201552,60,116,n=60;m=2,0.0655367231638418,3.8666666666666667,13,2,0.11069273319273319,structure_aware_hybrid,3,0.0013670359912794083,0,True
synthetic,barabasi_albert,barabasi_albert_n60_m=2_r3,3,1201569,60,116,n=60;m=2,0.0655367231638418,3.8666666666666667,26,2,0.17881407481407482,greedy_welsh_powell,4,5.540499114431441e-05,0,True
synthetic,barabasi_albert,barabasi_albert_n60_m=2_r3,3,1201569,60,116,n=60;m=2,0.0655367231638418,3.8666666666666667,26,2,0.17881407481407482,dsatur,3,0.0012814310030080378,0,True
synthetic,barabasi_albert,barabasi_albert_n60_m=2_r3,3,1201569,60,116,n=60;m=2,0.0655367231638418,3.8666666666666667,26,2,0.17881407481407482,tabu_search,3,0.011385069010430016,0,True
synthetic,barabasi_albert,barabasi_albert_n60_m=2_r3,3,1201569,60,116,n=60;m=2,0.0655367231638418,3.8666666666666667,26,2,0.17881407481407482,structure_aware_hybrid,3,0.0013926039973739535,0,True
synthetic,barabasi_albert,barabasi_albert_n60_m=4_r0,0,1201518,60,224,n=60;m=4,0.12655367231638417,7.466666666666667,33,4,0.27734751259025303,greedy_welsh_powell,5,6.715799099765718e-05,0,True
synthetic,barabasi_albert,barabasi_albert_n60_m=4_r0,0,1201518,60,224,n=60;m=4,0.12655367231638417,7.466666666666667,33,4,0.27734751259025303,dsatur,5,0.0015295490011340007,0,True
synthetic,barabasi_albert,barabasi_albert_n60_m=4_r0,0,1201518,60,224,n=60;m=4,0.12655367231638417,7.466666666666667,33,4,0.27734751259025303,tabu_search,5,0.014613716004532762,0,True
synthetic,barabasi_albert,barabasi_albert_n60_m=4_r0,0,1201518,60,224,n=60;m=4,0.12655367231638417,7.466666666666667,33,4,0.27734751259025303,structure_aware_hybrid,5,0.00156761500693392,0,True
synthetic,barabasi_albert,barabasi_albert_n60_m=4_r1,1,1201535,60,224,n=60;m=4,0.12655367231638417,7.466666666666667,32,4,0.28095423283878296,greedy_welsh_powell,5,6.999699689913541e-05,0,True
synthetic,barabasi_albert,barabasi_albert_n60_m=4_r1,1,1201535,60,224,n=60;m=4,0.12655367231638417,7.466666666666667,32,4,0.28095423283878296,dsatur,5,0.0015392880013678223,0,True
synthetic,barabasi_albert,barabasi_albert_n60_m=4_r1,1,1201535,60,224,n=60;m=4,0.12655367231638417,7.466666666666667,32,4,0.28095423283878296,tabu_search,5,0.014554711990058422,0,True
synthetic,barabasi_albert,barabasi_albert_n60_m=4_r1,1,1201535,60,224,n=60;m=4,0.12655367231638417,7.466666666666667,32,4,0.28095423283878296,structure_aware_hybrid,5,0.0015520190063398331,0,True
synthetic,barabasi_albert,barabasi_albert_n60_m=4_r2,2,1201552,60,224,n=60;m=4,0.12655367231638417,7.466666666666667,34,4,0.24063792960851782,greedy_welsh_powell,5,7.671299681533128e-05,0,True
synthetic,barabasi_albert,barabasi_albert_n60_m=4_r2,2,1201552,60,224,n=60;m=4,0.12655367231638417,7.466666666666667,34,4,0.24063792960851782,dsatur,5,0.0017319150065304711,0,True
synthetic,barabasi_albert,barabasi_albert_n60_m=4_r2,2,1201552,60,224,n=60;m=4,0.12655367231638417,7.466666666666667,34,4,0.24063792960851782,tabu_search,5,0.014283896001870744,0,True
synthetic,barabasi_albert,barabasi_albert_n60_m=4_r2,2,1201552,60,224,n=60;m=4,0.12655367231638417,7.466666666666667,34,4,0.24063792960851782,structure_aware_hybrid,5,0.0017563459987286478,0,True
synthetic,barabasi_albert,barabasi_albert_n60_m=4_r3,3,1201569,60,224,n=60;m=4,0.12655367231638417,7.466666666666667,24,4,0.24210847857267295,greedy_welsh_powell,6,9.061199671123177e-05,0,True
synthetic,barabasi_albert,barabasi_albert_n60_m=4_r3,3,1201569,60,224,n=60;m=4,0.12655367231638417,7.466666666666667,24,4,0.24210847857267295,dsatur,5,0.0016885290096979588,0,True
synthetic,barabasi_albert,barabasi_albert_n60_m=4_r3,3,1201569,60,224,n=60;m=4,0.12655367231638417,7.466666666666667,24,4,0.24210847857267295,tabu_search,5,0.013527080998755991,0,True
synthetic,barabasi_albert,barabasi_albert_n60_m=4_r3,3,1201569,60,224,n=60;m=4,0.12655367231638417,7.466666666666667,24,4,0.24210847857267295,structure_aware_hybrid,5,0.0018394910002825782,0,True
synthetic,watts_strogatz,watts_strogatz_n60_k=6_beta=0.1_r0,0,1201426,60,180,n=60;k=6;beta=0.1,0.1016949152542373,6.0,10,5,0.46637566137566133,greedy_welsh_powell,5,7.217799429781735e-05,0,True
synthetic,watts_strogatz,watts_strogatz_n60_k=6_beta=0.1_r0,0,1201426,60,180,n=60;k=6;beta=0.1,0.1016949152542373,6.0,10,5,0.46637566137566133,dsatur,4,0.0014199979923432693,0,True
synthetic,watts_strogatz,watts_strogatz_n60_k=6_beta=0.1_r0,0,1201426,60,180,n=60;k=6;beta=0.1,0.1016949152542373,6.0,10,5,0.46637566137566133,tabu_search,4,0.018047630990622565,0,True
synthetic,watts_strogatz,watts_strogatz_n60_k=6_beta=0.1_r0,0,1201426,60,180,n=60;k=6;beta=0.1,0.1016949152542373,6.0,10,5,0.46637566137566133,structure_aware_hybrid,4,0.0014059380046091974,0,True
synthetic,watts_strogatz,watts_strogatz_n60_k=6_beta=0.1_r1,1,1201443,60,180,n=60;k=6;beta=0.1,0.1016949152542373,6.0,7,4,0.4423015873015873,greedy_welsh_powell,6,6.52250018902123e-05,0,True
synthetic,watts_strogatz,watts_strogatz_n60_k=6_beta=0.1_r1,1,1201443,60,180,n=60;k=6;beta=0.1,0.1016949152542373,6.0,7,4,0.4423015873015873,dsatur,5,0.001436963997548446,0,True
synthetic,watts_strogatz,watts_strogatz_n60_k=6_beta=0.1_r1,1,1201443,60,180,n=60;k=6;beta=0.1,0.1016949152542373,6.0,7,4,0.4423015873015873,tabu_search,5,0.01257464500667993,0,True
synthetic,watts_strogatz,watts_strogatz_n60_k=6_beta=0.1_r1,1,1201443,60,180,n=60;k=6;beta=0.1,0.1016949152542373,6.0,7,4,0.4423015873015873,structure_aware_hybrid,5,0.0013915190065745264,0,True
synthetic,watts_strogatz,watts_strogatz_n60_k=6_beta=0.1_r2,2,1201460,60,180,n=60;k=6;beta=0.1,0.1016949152542373,6.0,8,5,0.47884920634920636,greedy_welsh_powell,5,6.484599725808948e-05,0,True
synthetic,watts_strogatz,watts_strogatz_n60_k=6_beta=0.1_r2,2,1201460,60,180,n=60;k=6;beta=0.1,0.1016949152542373,6.0,8,5,0.47884920634920636,dsatur,5,0.0014396429905900732,0,True
synthetic,watts_strogatz,watts_strogatz_n60_k=6_beta=0.1_r2,2,1201460,60,180,n=60;k=6;beta=0.1,0.1016949152542373,6.0,8,5,0.47884920634920636,tabu_search,5,0.012446452004951425,0,True
synthetic,watts_strogatz,watts_strogatz_n60_k=6_beta=0.1_r2,2,1201460,60,180,n=60;k=6;beta=0.1,0.1016949152542373,6.0,8,5,0.47884920634920636,structure_aware_hybrid,5,0.0013805409980705008,0,True
synthetic,watts_strogatz,watts_strogatz_n60_k=6_beta=0.1_r3,3,1201477,60,180,n=60;k=6;beta=0.1,0.1016949152542373,6.0,8,5,0.4170238095238095,greedy_welsh_powell,6,7.399299647659063e-05,0,True
synthetic,watts_strogatz,watts_strogatz_n60_k=6_beta=0.1_r3,3,1201477,60,180,n=60;k=6;beta=0.1,0.1016949152542373,6.0,8,5,0.4170238095238095,dsatur,5,0.0014280330069595948,0,True
synthetic,watts_strogatz,watts_strogatz_n60_k=6_beta=0.1_r3,3,1201477,60,180,n=60;k=6;beta=0.1,0.1016949152542373,6.0,8,5,0.4170238095238095,tabu_search,5,0.010724121006205678,0,True
synthetic,watts_strogatz,watts_strogatz_n60_k=6_beta=0.1_r3,3,1201477,60,180,n=60;k=6;beta=0.1,0.1016949152542373,6.0,8,5,0.4170238095238095,structure_aware_hybrid,5,0.0013812830002279952,0,True
synthetic,watts_strogatz,watts_strogatz_n60_k=10_beta=0.3_r0,0,1201427,60,300,n=60;k=10;beta=0.3,0.1694915254237288,10.0,13,7,0.2921758796758797,greedy_welsh_powell,7,8.575800165999681e-05,0,True
synthetic,watts_strogatz,watts_strogatz_n60_k=10_beta=0.3_r0,0,1201427,60,300,n=60;k=10;beta=0.3,0.1694915254237288,10.0,13,7,0.2921758796758797,dsatur,6,0.001829091997933574,0,True
synthetic,watts_strogatz,watts_strogatz_n60_k=10_beta=0.3_r0,0,1201427,60,300,n=60;k=10;beta=0.3,0.1694915254237288,10.0,13,7,0.2921758796758797,tabu_search,6,0.01652828199439682,0,True
synthetic,watts_strogatz,watts_strogatz_n60_k=10_beta=0.3_r0,0,1201427,60,300,n=60;k=10;beta=0.3,0.1694915254237288,10.0,13,7,0.2921758796758797,structure_aware_hybrid,6,0.0019784210016950965,0,True
synthetic,watts_strogatz,watts_strogatz_n60_k=10_beta=0.3_r1,1,1201444,60,300,n=60;k=10;beta=0.3,0.1694915254237288,10.0,13,7,0.3114069264069264,greedy_welsh_powell,7,9.384899749420583e-05,0,True
synthetic,watts_strogatz,watts_strogatz_n60_k=10_beta=0.3_r1,1,1201444,60,300,n=60;k=10;beta=0.3,0.1694915254237288,10.0,13,7,0.3114069264069264,dsatur,7,0.0018517179996706545,0,True
synthetic,watts_strogatz,watts_strogatz_n60_k=10_beta=0.3_r1,1,1201444,60,300,n=60;k=10;beta=0.3,0.1694915254237288,10.0,13,7,0.3114069264069264,tabu_search,6,0.026882813006523065,0,True
synthetic,watts_strogatz,watts_strogatz_n60_k=10_beta=0.3_r1,1,1201444,60,300,n=60;k=10;beta=0.3,0.1694915254237288,10.0,13,7,0.3114069264069264,structure_aware_hybrid,7,0.002047834001132287,0,True
synthetic,watts_strogatz,watts_strogatz_n60_k=10_beta=0.3_r2,2,1201461,60,300,n=60;k=10;beta=0.3,0.1694915254237288,10.0,15,7,0.29668368668368666,greedy_welsh_powell,7,8.98200087249279e-05,0,True
synthetic,watts_strogatz,watts_strogatz_n60_k=10_beta=0.3_r2,2,1201461,60,300,n=60;k=10;beta=0.3,0.1694915254237288,10.0,15,7,0.29668368668368666,dsatur,6,0.0018027799960691482,0,True
synthetic,watts_strogatz,watts_strogatz_n60_k=10_beta=0.3_r2,2,1201461,60,300,n=60;k=10;beta=0.3,0.1694915254237288,10.0,15,7,0.29668368668368666,tabu_search,6,0.017966553001315333,0,True
synthetic,watts_strogatz,watts_strogatz_n60_k=10_beta=0.3_r2,2,1201461,60,300,n=60;k=10;beta=0.3,0.1694915254237288,10.0,15,7,0.29668368668368666,structure_aware_hybrid,6,0.0017362729995511472,0,True
synthetic,watts_strogatz,watts_strogatz_n60_k=10_beta=0.3_r3,3,1201478,60,300,n=60;k=10;beta=0.3,0.1694915254237288,10.0,15,8,0.34349807599807597,greedy_welsh_powell,8,8.122000144794583e-05,0,True
synthetic,watts_strogatz,watts_strogatz_n60_k=10_beta=0.3_r3,3,1201478,60,300,n=60;k=10;beta=0.3,0.1694915254237288,10.0,15,8,0.34349807599807597,dsatur,6,0.0017640040023252368,0,True
synthetic,watts_strogatz,watts_strogatz_n60_k=10_beta=0.3_r3,3,1201478,60,300,n=60;k=10;beta=0.3,0.1694915254237288,10.0,15,8,0.34349807599807597,tabu_search,6,0.018647684992174618,0,True
synthetic,watts_strogatz,watts_strogatz_n60_k=10_beta=0.3_r3,3,1201478,60,300,n=60;k=10;beta=0.3,0.1694915254237288,10.0,15,8,0.34349807599807597,structure_aware_hybrid,6,0.0020125629962421954,0,True
synthetic,random_regular,random_regular_n60_d=6_r0,0,1201417,60,180,n=60;d=6,0.1016949152542373,6.0,6,6,0.03333333333333333,greedy_welsh_powell,5,6.698600191157311e-05,0,True
synthetic,random_regular,random_regular_n60_d=6_r0,0,1201417,60,180,n=60;d=6,0.1016949152542373,6.0,6,6,0.03333333333333333,dsatur,4,0.001567504004924558,0,True
synthetic,random_regular,random_regular_n60_d=6_r0,0,1201417,60,180,n=60;d=6,0.1016949152542373,6.0,6,6,0.03333333333333333,tabu_search,4,0.010777410003356636,0,True
synthetic,random_regular,random_regular_n60_d=6_r0,0,1201417,60,180,n=60;d=6,0.1016949152542373,6.0,6,6,0.03333333333333333,structure_aware_hybrid,4,0.0017600959981791675,0,True
synthetic,random_regular,random_regular_n60_d=6_r1,1,1201434,60,180,n=60;d=6,0.1016949152542373,6.0,6,6,0.09000000000000001,greedy_welsh_powell,5,6.393800140358508e-05,0,True
synthetic,random_regular,random_regular_n60_d=6_r1,1,1201434,60,180,n=60;d=6,0.1016949152542373,6.0,6,6,0.09000000000000001,dsatur,5,0.0014944239956093952,0,True
synthetic,random_regular,random_regular_n60_d=6_r1,1,1201434,60,180,n=60;d=6,0.1016949152542373,6.0,6,6,0.09000000000000001,tabu_search,4,0.01871132099768147,0,True
synthetic,random_regular,random_regular_n60_d=6_r1,1,1201434,60,180,n=60;d=6,0.1016949152542373,6.0,6,6,0.09000000000000001,structure_aware_hybrid,5,0.0015131560066947713,0,True
synthetic,random_regular,random_regular_n60_d=6_r2,2,1201451,60,180,n=60;d=6,0.1016949152542373,6.0,6,6,0.08666666666666667,greedy_welsh_powell,5,6.433900853153318e-05,0,True
synthetic,random_regular,random_regular_n60_d=6_r2,2,1201451,60,180,n=60;d=6,0.1016949152542373,6.0,6,6,0.08666666666666667,dsatur,4,0.0015365489962277934,0,True
synthetic,random_regular,random_regular_n60_d=6_r2,2,1201451,60,180,n=60;d=6,0.1016949152542373,6.0,6,6,0.08666666666666667,tabu_search,4,0.012722105995635502,0,True
synthetic,random_regular,random_regular_n60_d=6_r2,2,1201451,60,180,n=60;d=6,0.1016949152542373,6.0,6,6,0.08666666666666667,structure_aware_hybrid,4,0.0015095590060809627,0,True
synthetic,random_regular,random_regular_n60_d=6_r3,3,1201468,60,180,n=60;d=6,0.1016949152542373,6.0,6,6,0.11,greedy_welsh_powell,5,6.583498907275498e-05,0,True
synthetic,random_regular,random_regular_n60_d=6_r3,3,1201468,60,180,n=60;d=6,0.1016949152542373,6.0,6,6,0.11,dsatur,4,0.0015454490057891235,0,True
synthetic,random_regular,random_regular_n60_d=6_r3,3,1201468,60,180,n=60;d=6,0.1016949152542373,6.0,6,6,0.11,tabu_search,4,0.01452580098703038,0,True
synthetic,random_regular,random_regular_n60_d=6_r3,3,1201468,60,180,n=60;d=6,0.1016949152542373,6.0,6,6,0.11,structure_aware_hybrid,4,0.0015696869959356263,0,True
synthetic,random_regular,random_regular_n60_d=10_r0,0,1201418,60,300,n=60;d=10,0.1694915254237288,10.0,10,10,0.1511111111111111,greedy_welsh_powell,7,8.984199666883796e-05,0,True
synthetic,random_regular,random_regular_n60_d=10_r0,0,1201418,60,300,n=60;d=10,0.1694915254237288,10.0,10,10,0.1511111111111111,dsatur,6,0.0020026010024594143,0,True
synthetic,random_regular,random_regular_n60_d=10_r0,0,1201418,60,300,n=60;d=10,0.1694915254237288,10.0,10,10,0.1511111111111111,tabu_search,5,0.034162612006184645,0,True
synthetic,random_regular,random_regular_n60_d=10_r0,0,1201418,60,300,n=60;d=10,0.1694915254237288,10.0,10,10,0.1511111111111111,structure_aware_hybrid,6,0.0018848269974114373,0,True
synthetic,random_regular,random_regular_n60_d=10_r1,1,1201435,60,300,n=60;d=10,0.1694915254237288,10.0,10,10,0.1322222222222222,greedy_welsh_powell,7,7.49300088500604e-05,0,True
synthetic,random_regular,random_regular_n60_d=10_r1,1,1201435,60,300,n=60;d=10,0.1694915254237288,10.0,10,10,0.1322222222222222,dsatur,6,0.0018701539956964552,0,True
synthetic,random_regular,random_regular_n60_d=10_r1,1,1201435,60,300,n=60;d=10,0.1694915254237288,10.0,10,10,0.1322222222222222,tabu_search,5,0.03126869299740065,0,True
synthetic,random_regular,random_regular_n60_d=10_r1,1,1201435,60,300,n=60;d=10,0.1694915254237288,10.0,10,10,0.1322222222222222,structure_aware_hybrid,6,0.0019298639963380992,0,True
synthetic,random_regular,random_regular_n60_d=10_r2,2,1201452,60,300,n=60;d=10,0.1694915254237288,10.0,10,10,0.13555555555555554,greedy_welsh_powell,6,0.000103391008451581,0,True
synthetic,random_regular,random_regular_n60_d=10_r2,2,1201452,60,300,n=60;d=10,0.1694915254237288,10.0,10,10,0.13555555555555554,dsatur,6,0.0022049239923944697,0,True
synthetic,random_regular,random_regular_n60_d=10_r2,2,1201452,60,300,n=60;d=10,0.1694915254237288,10.0,10,10,0.13555555555555554,tabu_search,5,0.030329779998282902,0,True
synthetic,random_regular,random_regular_n60_d=10_r2,2,1201452,60,300,n=60;d=10,0.1694915254237288,10.0,10,10,0.13555555555555554,structure_aware_hybrid,6,0.002279823995195329,0,True
synthetic,random_regular,random_regular_n60_d=10_r3,3,1201469,60,300,n=60;d=10,0.1694915254237288,10.0,10,10,0.13,greedy_welsh_powell,7,8.314700971823186e-05,0,True
synthetic,random_regular,random_regular_n60_d=10_r3,3,1201469,60,300,n=60;d=10,0.1694915254237288,10.0,10,10,0.13,dsatur,6,0.0019312380027258769,0,True
synthetic,random_regular,random_regular_n60_d=10_r3,3,1201469,60,300,n=60;d=10,0.1694915254237288,10.0,10,10,0.13,tabu_search,5,0.03254408600332681,0,True
synthetic,random_regular,random_regular_n60_d=10_r3,3,1201469,60,300,n=60;d=10,0.1694915254237288,10.0,10,10,0.13,structure_aware_hybrid,6,0.0018774820055114105,0,True
synthetic,barabasi_albert,barabasi_albert_n120_m=2_r0,0,2401518,120,236,n=120;m=2,0.03305322128851541,3.933333333333333,30,2,0.10514986713009025,greedy_welsh_powell,4,0.00010518300405237824,0,True
synthetic,barabasi_albert,barabasi_albert_n120_m=2_r0,0,2401518,120,236,n=120;m=2,0.03305322128851541,3.933333333333333,30,2,0.10514986713009025,dsatur,3,0.00523737000185065,0,True
synthetic,barabasi_albert,barabasi_albert_n120_m=2_r0,0,2401518,120,236,n=120;m=2,0.03305322128851541,3.933333333333333,30,2,0.10514986713009025,tabu_search,3,0.025997906996053644,0,True
synthetic,barabasi_albert,barabasi_albert_n120_m=2_r0,0,2401518,120,236,n=120;m=2,0.03305322128851541,3.933333333333333,30,2,0.10514986713009025,structure_aware_hybrid,3,0.005231362010817975,0,True
synthetic,barabasi_albert,barabasi_albert_n120_m=2_r1,1,2401535,120,236,n=120;m=2,0.03305322128851541,3.933333333333333,21,2,0.0769275861593973,greedy_welsh_powell,4,0.00012893399980384856,0,True
synthetic,barabasi_albert,barabasi_albert_n120_m=2_r1,1,2401535,120,236,n=120;m=2,0.03305322128851541,3.933333333333333,21,2,0.0769275861593973,dsatur,3,0.0056281059951288626,0,True
synthetic,barabasi_albert,barabasi_albert_n120_m=2_r1,1,2401535,120,236,n=120;m=2,0.03305322128851541,3.933333333333333,21,2,0.0769275861593973,tabu_search,3,0.02672874100971967,0,True
synthetic,barabasi_albert,barabasi_albert_n120_m=2_r1,1,2401535,120,236,n=120;m=2,0.03305322128851541,3.933333333333333,21,2,0.0769275861593973,structure_aware_hybrid,3,0.005753379009547643,0,True
synthetic,barabasi_albert,barabasi_albert_n120_m=2_r2,2,2401552,120,236,n=120;m=2,0.03305322128851541,3.933333333333333,31,2,0.16708813947856724,greedy_welsh_powell,3,0.00010435500007588416,0,True
synthetic,barabasi_albert,barabasi_albert_n120_m=2_r2,2,2401552,120,236,n=120;m=2,0.03305322128851541,3.933333333333333,31,2,0.16708813947856724,dsatur,3,0.005141162997460924,0,True
synthetic,barabasi_albert,barabasi_albert_n120_m=2_r2,2,2401552,120,236,n=120;m=2,0.03305322128851541,3.933333333333333,31,2,0.16708813947856724,tabu_search,3,0.027892965998034924,0,True
synthetic,barabasi_albert,barabasi_albert_n120_m=2_r2,2,2401552,120,236,n=120;m=2,0.03305322128851541,3.933333333333333,31,2,0.16708813947856724,structure_aware_hybrid,3,0.005094292006106116,0,True
synthetic,barabasi_albert,barabasi_albert_n120_m=2_r3,3,2401569,120,236,n=120;m=2,0.03305322128851541,3.933333333333333,24,2,0.12859999829393423,greedy_welsh_powell,4,0.00013528700219467282,0,True
synthetic,barabasi_albert,barabasi_albert_n120_m=2_r3,3,2401569,120,236,n=120;m=2,0.03305322128851541,3.933333333333333,24,2,0.12859999829393423,dsatur,3,0.005754316007369198,0,True
synthetic,barabasi_albert,barabasi_albert_n120_m=2_r3,3,2401569,120,236,n=120;m=2,0.03305322128851541,3.933333333333333,24,2,0.12859999829393423,tabu_search,3,0.025659328006440774,0,True
synthetic,barabasi_albert,barabasi_albert_n120_m=2_r3,3,2401569,120,236,n=120;m=2,0.03305322128851541,3.933333333333333,24,2,0.12859999829393423,structure_aware_hybrid,3,0.005874351001693867,0,True
synthetic,barabasi_albert,barabasi_albert_n120_m=4_r0,0,2401518,120,464,n=120;m=4,0.06498599439775911,7.733333333333333,48,4,0.16450843988953595,greedy_welsh_powell,6,0.0001345790078630671,0,True
synthetic,barabasi_albert,barabasi_albert_n120_m=4_r0,0,2401518,120,464,n=120;m=4,0.06498599439775911,7.733333333333333,48,4,0.16450843988953595,dsatur,5,0.006184323996421881,0,True
synthetic,barabasi_albert,barabasi_albert_n120_m=4_r0,0,2401518,120,464,n=120;m=4,0.06498599439775911,7.733333333333333,48,4,0.16450843988953595,tabu_search,5,0.03848416700202506,0,True
synthetic,barabasi_albert,barabasi_albert_n120_m=4_r0,0,2401518,120,464,n=120;m=4,0.06498599439775911,7.733333333333333,48,4,0.16450843988953595,structure_aware_hybrid,5,0.006132454989710823,0,True
synthetic,barabasi_albert,barabasi_albert_n120_m=4_r1,1,2401535,120,464,n=120;m=4,0.06498599439775911,7.733333333333333,35,4,0.1343391302485954,greedy_welsh_powell,6,0.00013998799840919673,0,True
synthetic,barabasi_albert,barabasi_albert_n120_m=4_r1,1,2401535,120,464,n=120;m=4,0.06498599439775911,7.733333333333333,35,4,0.1343391302485954,dsatur,5,0.006940086997929029,0,True
synthetic,barabasi_albert,barabasi_albert_n120_m=4_r1,1,2401535,120,464,n=120;m=4,0.06498599439775911,7.733333333333333,35,4,0.1343391302485954,tabu_search,5,0.03875827600131743,0,True
synthetic,barabasi_albert,barabasi_albert_n120_m=4_r1,1,2401535,120,464,n=120;m=4,0.06498599439775911,7.733333333333333,35,4,0.1343391302485954,structure_aware_hybrid,5,0.006575188002898358,0,True
synthetic,barabasi_albert,barabasi_albert_n120_m=4_r2,2,2401552,120,464,n=120;m=4,0.06498599439775911,7.733333333333333,40,4,0.16079802817013236,greedy_welsh_powell,6,0.0001391950063407421,0,True
synthetic,barabasi_albert,barabasi_albert_n120_m=4_r2,2,2401552,120,464,n=120;m=4,0.06498599439775911,7.733333333333333,40,4,0.16079802817013236,dsatur,5,0.0061038760031806305,0,True
synthetic,barabasi_albert,barabasi_albert_n120_m=4_r2,2,2401552,120,464,n=120;m=4,0.06498599439775911,7.733333333333333,40,4,0.16079802817013236,tabu_search,5,0.04077367299760226,0,True
synthetic,barabasi_albert,barabasi_albert_n120_m=4_r2,2,2401552,120,464,n=120;m=4,0.06498599439775911,7.733333333333333,40,4,0.16079802817013236,structure_aware_hybrid,5,0.00612394699419383,0,True
synthetic,barabasi_albert,barabasi_albert_n120_m=4_r3,3,2401569,120,464,n=120;m=4,0.06498599439775911,7.733333333333333,37,4,0.16384294749702571,greedy_welsh_powell,6,0.00013963200035504997,0,True
synthetic,barabasi_albert,barabasi_albert_n120_m=4_r3,3,2401569,120,464,n=120;m=4,0.06498599439775911,7.733333333333333,37,4,0.16384294749702571,dsatur,5,0.007023031008429825,0,True
synthetic,barabasi_albert,barabasi_albert_n120_m=4_r3,3,2401569,120,464,n=120;m=4,0.06498599439775911,7.733333333333333,37,4,0.16384294749702571,tabu_search,5,0.04054358600114938,0,True
synthetic,barabasi_albert,barabasi_albert_n120_m=4_r3,3,2401569,120,464,n=120;m=4,0.06498599439775911,7.733333333333333,37,4,0.16384294749702571,structure_aware_hybrid,5,0.006886130999191664,0,True
synthetic,watts_strogatz,watts_strogatz_n120_k=6_beta=0.1_r0,0,2401426,120,360,n=120;k=6;beta=0.1,0.05042016806722689,6.0,8,4,0.38499999999999995,greedy_welsh_powell,5,0.00012585600779857486,0,True
synthetic,watts_strogatz,watts_strogatz_n120_k=6_beta=0.1_r0,0,2401426,120,360,n=120;k=6;beta=0.1,0.05042016806722689,6.0,8,4,0.38499999999999995,dsatur,5,0.00535106600727886,0,True
synthetic,watts_strogatz,watts_strogatz_n120_k=6_beta=0.1_r0,0,2401426,120,360,n=120;k=6;beta=0.1,0.05042016806722689,6.0,8,4,0.38499999999999995,tabu_search,5,0.029997874007676728,0,True
synthetic,watts_strogatz,watts_strogatz_n120_k=6_beta=0.1_r0,0,2401426,120,360,n=120;k=6;beta=0.1,0.05042016806722689,6.0,8,4,0.38499999999999995,structure_aware_hybrid,5,0.005514131000381894,0,True
synthetic,watts_strogatz,watts_strogatz_n120_k=6_beta=0.1_r1,1,2401443,120,360,n=120;k=6;beta=0.1,0.05042016806722689,6.0,8,4,0.47583333333333333,greedy_welsh_powell,6,0.00018310999439563602,0,True
synthetic,watts_strogatz,watts_strogatz_n120_k=6_beta=0.1_r1,1,2401443,120,360,n=120;k=6;beta=0.1,0.05042016806722689,6.0,8,4,0.47583333333333333,dsatur,5,0.00558699099929072,0,True
synthetic,watts_strogatz,watts_strogatz_n120_k=6_beta=0.1_r1,1,2401443,120,360,n=120;k=6;beta=0.1,0.05042016806722689,6.0,8,4,0.47583333333333333,tabu_search,5,0.03681802500796039,0,True
synthetic,watts_strogatz,watts_strogatz_n120_k=6_beta=0.1_r1,1,2401443,120,360,n=120;k=6;beta=0.1,0.05042016806722689,6.0,8,4,0.47583333333333333,structure_aware_hybrid,5,0.005610813008388504,0,True
synthetic,watts_strogatz,watts_strogatz_n120_k=6_beta=0.1_r2,2,2401460,120,360,n=120;k=6;beta=0.1,0.05042016806722689,6.0,8,4,0.45670634920634917,greedy_welsh_powell,6,0.00014241300232242793,0,True
synthetic,watts_strogatz,watts_strogatz_n120_k=6_beta=0.1_r2,2,2401460,120,360,n=120;k=6;beta=0.1,0.05042016806722689,6.0,8,4,0.45670634920634917,dsatur,5,0.005341077005141415,0,True
synthetic,watts_strogatz,watts_strogatz_n120_k=6_beta=0.1_r2,2,2401460,120,360,n=120;k=6;beta=0.1,0.05042016806722689,6.0,8,4,0.45670634920634917,tabu_search,5,0.03162280999822542,0,True
synthetic,watts_strogatz,watts_strogatz_n120_k=6_beta=0.1_r2,2,2401460,120,360,n=120;k=6;beta=0.1,0.05042016806722689,6.0,8,4,0.45670634920634917,structure_aware_hybrid,5,0.005340557007002644,0,True
synthetic,watts_strogatz,watts_strogatz_n120_k=6_beta=0.1_r3,3,2401477,120,360,n=120;k=6;beta=0.1,0.05042016806722689,6.0,8,5,0.4533333333333333,greedy_welsh_powell,6,0.00014781999925617129,0,True
synthetic,watts_strogatz,watts_strogatz_n120_k=6_beta=0.1_r3,3,2401477,120,360,n=120;k=6;beta=0.1,0.05042016806722689,6.0,8,5,0.4533333333333333,dsatur,5,0.005917027985560708,0,True
synthetic,watts_strogatz,watts_strogatz_n120_k=6_beta=0.1_r3,3,2401477,120,360,n=120;k=6;beta=0.1,0.05042016806722689,6.0,8,5,0.4533333333333333,tabu_search,5,0.03214168100384995,0,True
synthetic,watts_strogatz,watts_strogatz_n120_k=6_beta=0.1_r3,3,2401477,120,360,n=120;k=6;beta=0.1,0.05042016806722689,6.0,8,5,0.4533333333333333,structure_aware_hybrid,5,0.0053041780047351494,0,True
synthetic,watts_strogatz,watts_strogatz_n120_k=10_beta=0.3_r0,0,2401427,120,600,n=120;k=10;beta=0.3,0.08403361344537816,10.0,14,7,0.26900382025382025,greedy_welsh_powell,7,0.00019936200988013297,0,True
synthetic,watts_strogatz,watts_strogatz_n120_k=10_beta=0.3_r0,0,2401427,120,600,n=120;k=10;beta=0.3,0.08403361344537816,10.0,14,7,0.26900382025382025,dsatur,6,0.007626840000739321,0,True
synthetic,watts_strogatz,watts_strogatz_n120_k=10_beta=0.3_r0,0,2401427,120,600,n=120;k=10;beta=0.3,0.08403361344537816,10.0,14,7,0.26900382025382025,tabu_search,6,0.04564043099526316,0,True
synthetic,watts_strogatz,watts_strogatz_n120_k=10_beta=0.3_r0,0,2401427,120,600,n=120;k=10;beta=0.3,0.08403361344537816,10.0,14,7,0.26900382025382025,structure_aware_hybrid,6,0.006878279993543401,0,True
synthetic,watts_strogatz,watts_strogatz_n120_k=10_beta=0.3_r1,1,2401444,120,600,n=120;k=10;beta=0.3,0.08403361344537816,10.0,14,7,0.29307433307433306,greedy_welsh_powell,7,0.00016752799274399877,0,True
synthetic,watts_strogatz,watts_strogatz_n120_k=10_beta=0.3_r1,1,2401444,120,600,n=120;k=10;beta=0.3,0.08403361344537816,10.0,14,7,0.29307433307433306,dsatur,7,0.007516866011428647,0,True
synthetic,watts_strogatz,watts_strogatz_n120_k=10_beta=0.3_r1,1,2401444,120,600,n=120;k=10;beta=0.3,0.08403361344537816,10.0,14,7,0.29307433307433306,tabu_search,6,0.09141819100477733,0,True
synthetic,watts_strogatz,watts_strogatz_n120_k=10_beta=0.3_r1,1,2401444,120,600,n=120;k=10;beta=0.3,0.08403361344537816,10.0,14,7,0.29307433307433306,structure_aware_hybrid,7,0.007717536995187402,0,True
synthetic,watts_strogatz,watts_strogatz_n120_k=10_beta=0.3_r2,2,2401461,120,600,n=120;k=10;beta=0.3,0.08403361344537816,10.0,14,7,0.25476282976282977,greedy_welsh_powell,7,0.00016049400437623262,0,True
synthetic,watts_strogatz,watts_strogatz_n120_k=10_beta=0.3_r2,2,2401461,120,600,n=120;k=10;beta=0.3,0.08403361344537816,10.0,14,7,0.25476282976282977,dsatur,6,0.007741280001937412,0,True
synthetic,watts_strogatz,watts_strogatz_n120_k=10_beta=0.3_r2,2,2401461,120,600,n=120;k=10;beta=0.3,0.08403361344537816,10.0,14,7,0.25476282976282977,tabu_search,6,0.04980467099812813,0,True
synthetic,watts_strogatz,watts_strogatz_n120_k=10_beta=0.3_r2,2,2401461,120,600,n=120;k=10;beta=0.3,0.08403361344537816,10.0,14,7,0.25476282976282977,structure_aware_hybrid,6,0.0069558769901050255,0,True
synthetic,watts_strogatz,watts_strogatz_n120_k=10_beta=0.3_r3,3,2401478,120,600,n=120;k=10;beta=0.3,0.08403361344537816,10.0,13,7,0.24366679616679618,greedy_welsh_powell,6,0.00023175800743047148,0,True
synthetic,watts_strogatz,watts_strogatz_n120_k=10_beta=0.3_r3,3,2401478,120,600,n=120;k=10;beta=0.3,0.08403361344537816,10.0,13,7,0.24366679616679618,dsatur,6,0.008711825998034328,0,True
synthetic,watts_strogatz,watts_strogatz_n120_k=10_beta=0.3_r3,3,2401478,120,600,n=120;k=10;beta=0.3,0.08403361344537816,10.0,13,7,0.24366679616679618,tabu_search,6,0.05731728200044017,0,True
synthetic,watts_strogatz,watts_strogatz_n120_k=10_beta=0.3_r3,3,2401478,120,600,n=120;k=10;beta=0.3,0.08403361344537816,10.0,13,7,0.24366679616679618,structure_aware_hybrid,6,0.007128098004614003,0,True
synthetic,random_regular,random_regular_n120_d=6_r0,0,2401417,120,360,n=120;d=6,0.05042016806722689,6.0,6,6,0.030000000000000002,greedy_welsh_powell,5,0.00012085099297109991,0,True
synthetic,random_regular,random_regular_n120_d=6_r0,0,2401417,120,360,n=120;d=6,0.05042016806722689,6.0,6,6,0.030000000000000002,dsatur,5,0.006899818996316753,0,True
synthetic,random_regular,random_regular_n120_d=6_r0,0,2401417,120,360,n=120;d=6,0.05042016806722689,6.0,6,6,0.030000000000000002,tabu_search,4,0.05568422199576162,0,True
synthetic,random_regular,random_regular_n120_d=6_r0,0,2401417,120,360,n=120;d=6,0.05042016806722689,6.0,6,6,0.030000000000000002,structure_aware_hybrid,5,0.006414194998797029,0,True
synthetic,random_regular,random_regular_n120_d=6_r1,1,2401434,120,360,n=120;d=6,0.05042016806722689,6.0,6,6,0.051666666666666666,greedy_welsh_powell,5,0.00012164200597908348,0,True
synthetic,random_regular,random_regular_n120_d=6_r1,1,2401434,120,360,n=120;d=6,0.05042016806722689,6.0,6,6,0.051666666666666666,dsatur,4,0.006102583007304929,0,True
synthetic,random_regular,random_regular_n120_d=6_r1,1,2401434,120,360,n=120;d=6,0.05042016806722689,6.0,6,6,0.051666666666666666,tabu_search,4,0.03429292200598866,0,True
synthetic,random_regular,random_regular_n120_d=6_r1,1,2401434,120,360,n=120;d=6,0.05042016806722689,6.0,6,6,0.051666666666666666,structure_aware_hybrid,4,0.006645521003520116,0,True
synthetic,random_regular,random_regular_n120_d=6_r2,2,2401451,120,360,n=120;d=6,0.05042016806722689,6.0,6,6,0.03666666666666667,greedy_welsh_powell,5,0.00012458198762033135,0,True
synthetic,random_regular,random_regular_n120_d=6_r2,2,2401451,120,360,n=120;d=6,0.05042016806722689,6.0,6,6,0.03666666666666667,dsatur,4,0.0060389860009308904,0,True
synthetic,random_regular,random_regular_n120_d=6_r2,2,2401451,120,360,n=120;d=6,0.05042016806722689,6.0,6,6,0.03666666666666667,tabu_search,4,0.035039883994613774,0,True
synthetic,random_regular,random_regular_n120_d=6_r2,2,2401451,120,360,n=120;d=6,0.05042016806722689,6.0,6,6,0.03666666666666667,structure_aware_hybrid,4,0.006894480000482872,0,True
synthetic,random_regular,random_regular_n120_d=6_r3,3,2401468,120,360,n=120;d=6,0.05042016806722689,6.0,6,6,0.04833333333333333,greedy_welsh_powell,6,0.00012206198880448937,0,True
synthetic,random_regular,random_regular_n120_d=6_r3,3,2401468,120,360,n=120;d=6,0.05042016806722689,6.0,6,6,0.04833333333333333,dsatur,4,0.006019280001055449,0,True
synthetic,random_regular,random_regular_n120_d=6_r3,3,2401468,120,360,n=120;d=6,0.05042016806722689,6.0,6,6,0.04833333333333333,tabu_search,4,0.03665292699588463,0,True
synthetic,random_regular,random_regular_n120_d=6_r3,3,2401468,120,360,n=120;d=6,0.05042016806722689,6.0,6,6,0.04833333333333333,structure_aware_hybrid,4,0.006341418993542902,0,True
synthetic,random_regular,random_regular_n120_d=10_r0,0,2401418,120,600,n=120;d=10,0.08403361344537816,10.0,10,10,0.049444444444444444,greedy_welsh_powell,8,0.00015087700739968568,0,True
synthetic,random_regular,random_regular_n120_d=10_r0,0,2401418,120,600,n=120;d=10,0.08403361344537816,10.0,10,10,0.049444444444444444,dsatur,6,0.008366904003196396,0,True
synthetic,random_regular,random_regular_n120_d=10_r0,0,2401418,120,600,n=120;d=10,0.08403361344537816,10.0,10,10,0.049444444444444444,tabu_search,6,0.04632470299839042,0,True
synthetic,random_regular,random_regular_n120_d=10_r0,0,2401418,120,600,n=120;d=10,0.08403361344537816,10.0,10,10,0.049444444444444444,structure_aware_hybrid,6,0.007629066007211804,0,True
synthetic,random_regular,random_regular_n120_d=10_r1,1,2401435,120,600,n=120;d=10,0.08403361344537816,10.0,10,10,0.06722222222222222,greedy_welsh_powell,7,0.00017111300257965922,0,True
synthetic,random_regular,random_regular_n120_d=10_r1,1,2401435,120,600,n=120;d=10,0.08403361344537816,10.0,10,10,0.06722222222222222,dsatur,6,0.008415133997914381,0,True
synthetic,random_regular,random_regular_n120_d=10_r1,1,2401435,120,600,n=120;d=10,0.08403361344537816,10.0,10,10,0.06722222222222222,tabu_search,6,0.0460744820011314,0,True
synthetic,random_regular,random_regular_n120_d=10_r1,1,2401435,120,600,n=120;d=10,0.08403361344537816,10.0,10,10,0.06722222222222222,structure_aware_hybrid,6,0.007397658991976641,0,True
synthetic,random_regular,random_regular_n120_d=10_r2,2,2401452,120,600,n=120;d=10,0.08403361344537816,10.0,10,10,0.07666666666666666,greedy_welsh_powell,7,0.00016126000264193863,0,True
synthetic,random_regular,random_regular_n120_d=10_r2,2,2401452,120,600,n=120;d=10,0.08403361344537816,10.0,10,10,0.07666666666666666,dsatur,6,0.007829655005480163,0,True
synthetic,random_regular,random_regular_n120_d=10_r2,2,2401452,120,600,n=120;d=10,0.08403361344537816,10.0,10,10,0.07666666666666666,tabu_search,6,0.04923133099509869,0,True
synthetic,random_regular,random_regular_n120_d=10_r2,2,2401452,120,600,n=120;d=10,0.08403361344537816,10.0,10,10,0.07666666666666666,structure_aware_hybrid,6,0.008554247004212812,0,True
synthetic,random_regular,random_regular_n120_d=10_r3,3,2401469,120,600,n=120;d=10,0.08403361344537816,10.0,10,10,0.07333333333333333,greedy_welsh_powell,7,0.0001467240072088316,0,True
synthetic,random_regular,random_regular_n120_d=10_r3,3,2401469,120,600,n=120;d=10,0.08403361344537816,10.0,10,10,0.07333333333333333,dsatur,6,0.0075824439991265535,0,True
synthetic,random_regular,random_regular_n120_d=10_r3,3,2401469,120,600,n=120;d=10,0.08403361344537816,10.0,10,10,0.07333333333333333,tabu_search,5,0.09369328799948562,0,True
synthetic,random_regular,random_regular_n120_d=10_r3,3,2401469,120,600,n=120;d=10,0.08403361344537816,10.0,10,10,0.07333333333333333,structure_aware_hybrid,6,0.008224505989346653,0,True
synthetic,barabasi_albert,barabasi_albert_n180_m=2_r0,0,3601518,180,356,n=180;m=2,0.022098075729360647,3.9555555555555557,29,2,0.08470095248906502,greedy_welsh_powell,4,0.00016760900325607508,0,True
synthetic,barabasi_albert,barabasi_albert_n180_m=2_r0,0,3601518,180,356,n=180;m=2,0.022098075729360647,3.9555555555555557,29,2,0.08470095248906502,dsatur,3,0.012600096000824124,0,True
synthetic,barabasi_albert,barabasi_albert_n180_m=2_r0,0,3601518,180,356,n=180;m=2,0.022098075729360647,3.9555555555555557,29,2,0.08470095248906502,tabu_search,3,0.04492160800145939,0,True
synthetic,barabasi_albert,barabasi_albert_n180_m=2_r0,0,3601518,180,356,n=180;m=2,0.022098075729360647,3.9555555555555557,29,2,0.08470095248906502,structure_aware_hybrid,3,0.013035600990406238,0,True
synthetic,barabasi_albert,barabasi_albert_n180_m=2_r1,1,3601535,180,356,n=180;m=2,0.022098075729360647,3.9555555555555557,38,2,0.08665990790381166,greedy_welsh_powell,4,0.0001663330040173605,0,True
synthetic,barabasi_albert,barabasi_albert_n180_m=2_r1,1,3601535,180,356,n=180;m=2,0.022098075729360647,3.9555555555555557,38,2,0.08665990790381166,dsatur,3,0.01260821899631992,0,True
synthetic,barabasi_albert,barabasi_albert_n180_m=2_r1,1,3601535,180,356,n=180;m=2,0.022098075729360647,3.9555555555555557,38,2,0.08665990790381166,tabu_search,3,0.04809244199714158,0,True
synthetic,barabasi_albert,barabasi_albert_n180_m=2_r1,1,3601535,180,356,n=180;m=2,0.022098075729360647,3.9555555555555557,38,2,0.08665990790381166,structure_aware_hybrid,3,0.012978595012100413,0,True
synthetic,barabasi_albert,barabasi_albert_n180_m=2_r2,2,3601552,180,356,n=180;m=2,0.022098075729360647,3.9555555555555557,29,2,0.05260995244812547,greedy_welsh_powell,4,0.00015505599731113762,0,True
synthetic,barabasi_albert,barabasi_albert_n180_m=2_r2,2,3601552,180,356,n=180;m=2,0.022098075729360647,3.9555555555555557,29,2,0.05260995244812547,dsatur,3,0.012868473000708036,0,True
synthetic,barabasi_albert,barabasi_albert_n180_m=2_r2,2,3601552,180,356,n=180;m=2,0.022098075729360647,3.9555555555555557,29,2,0.05260995244812547,tabu_search,3,0.045659146999241784,0,True
synthetic,barabasi_albert,barabasi_albert_n180_m=2_r2,2,3601552,180,356,n=180;m=2,0.022098075729360647,3.9555555555555557,29,2,0.05260995244812547,structure_aware_hybrid,3,0.01175702600448858,0,True
synthetic,barabasi_albert,barabasi_albert_n180_m=2_r3,3,3601569,180,356,n=180;m=2,0.022098075729360647,3.9555555555555557,38,2,0.07027101054294037,greedy_welsh_powell,4,0.00018409000767860562,0,True
synthetic,barabasi_albert,barabasi_albert_n180_m=2_r3,3,3601569,180,356,n=180;m=2,0.022098075729360647,3.9555555555555557,38,2,0.07027101054294037,dsatur,3,0.011737830995116383,0,True
synthetic,barabasi_albert,barabasi_albert_n180_m=2_r3,3,3601569,180,356,n=180;m=2,0.022098075729360647,3.9555555555555557,38,2,0.07027101054294037,tabu_search,3,0.04560315499838907,0,True
synthetic,barabasi_albert,barabasi_albert_n180_m=2_r3,3,3601569,180,356,n=180;m=2,0.022098075729360647,3.9555555555555557,38,2,0.07027101054294037,structure_aware_hybrid,3,0.01251827301166486,0,True
synthetic,barabasi_albert,barabasi_albert_n180_m=4_r0,0,3601518,180,704,n=180;m=4,0.04369956548727499,7.822222222222222,51,4,0.11495784816875433,greedy_welsh_powell,5,0.00020184800087008625,0,True
synthetic,barabasi_albert,barabasi_albert_n180_m=4_r0,0,3601518,180,704,n=180;m=4,0.04369956548727499,7.822222222222222,51,4,0.11495784816875433,dsatur,5,0.015598215992213227,0,True
synthetic,barabasi_albert,barabasi_albert_n180_m=4_r0,0,3601518,180,704,n=180;m=4,0.04369956548727499,7.822222222222222,51,4,0.11495784816875433,tabu_search,5,0.07730751500639599,0,True
synthetic,barabasi_albert,barabasi_albert_n180_m=4_r0,0,3601518,180,704,n=180;m=4,0.04369956548727499,7.822222222222222,51,4,0.11495784816875433,structure_aware_hybrid,5,0.014769966990570538,0,True
synthetic,barabasi_albert,barabasi_albert_n180_m=4_r1,1,3601535,180,704,n=180;m=4,0.04369956548727499,7.822222222222222,40,4,0.12688390963988663,greedy_welsh_powell,6,0.00020904200209770352,0,True
synthetic,barabasi_albert,barabasi_albert_n180_m=4_r1,1,3601535,180,704,n=180;m=4,0.04369956548727499,7.822222222222222,40,4,0.12688390963988663,dsatur,5,0.014521579010761343,0,True
synthetic,barabasi_albert,barabasi_albert_n180_m=4_r1,1,3601535,180,704,n=180;m=4,0.04369956548727499,7.822222222222222,40,4,0.12688390963988663,tabu_search,5,0.06781762500759214,0,True
synthetic,barabasi_albert,barabasi_albert_n180_m=4_r1,1,3601535,180,704,n=180;m=4,0.04369956548727499,7.822222222222222,40,4,0.12688390963988663,structure_aware_hybrid,5,0.014548278006259352,0,True
synthetic,barabasi_albert,barabasi_albert_n180_m=4_r2,2,3601552,180,704,n=180;m=4,0.04369956548727499,7.822222222222222,45,4,0.1309725393941644,greedy_welsh_powell,5,0.0002167269994970411,0,True
synthetic,barabasi_albert,barabasi_albert_n180_m=4_r2,2,3601552,180,704,n=180;m=4,0.04369956548727499,7.822222222222222,45,4,0.1309725393941644,dsatur,5,0.014678701001685113,0,True
synthetic,barabasi_albert,barabasi_albert_n180_m=4_r2,2,3601552,180,704,n=180;m=4,0.04369956548727499,7.822222222222222,45,4,0.1309725393941644,tabu_search,5,0.07292004600458313,0,True
synthetic,barabasi_albert,barabasi_albert_n180_m=4_r2,2,3601552,180,704,n=180;m=4,0.04369956548727499,7.822222222222222,45,4,0.1309725393941644,structure_aware_hybrid,5,0.014766774998861365,0,True
synthetic,barabasi_albert,barabasi_albert_n180_m=4_r3,3,3601569,180,704,n=180;m=4,0.04369956548727499,7.822222222222222,49,4,0.09293597714792874,greedy_welsh_powell,6,0.0002116490068146959,0,True
synthetic,barabasi_albert,barabasi_albert_n180_m=4_r3,3,3601569,180,704,n=180;m=4,0.04369956548727499,7.822222222222222,49,4,0.09293597714792874,dsatur,5,0.015080568002304062,0,True
synthetic,barabasi_albert,barabasi_albert_n180_m=4_r3,3,3601569,180,704,n=180;m=4,0.04369956548727499,7.822222222222222,49,4,0.09293597714792874,tabu_search,5,0.07205861300462857,0,True
synthetic,barabasi_albert,barabasi_albert_n180_m=4_r3,3,3601569,180,704,n=180;m=4,0.04369956548727499,7.822222222222222,49,4,0.09293597714792874,structure_aware_hybrid,5,0.014545911995810457,0,True
synthetic,watts_strogatz,watts_strogatz_n180_k=6_beta=0.1_r0,0,3601426,180,540,n=180;k=6;beta=0.1,0.0335195530726257,6.0,8,4,0.4297089947089947,greedy_welsh_powell,6,0.00018781200924422592,0,True
synthetic,watts_strogatz,watts_strogatz_n180_k=6_beta=0.1_r0,0,3601426,180,540,n=180;k=6;beta=0.1,0.0335195530726257,6.0,8,4,0.4297089947089947,dsatur,5,0.012553579988889396,0,True
synthetic,watts_strogatz,watts_strogatz_n180_k=6_beta=0.1_r0,0,3601426,180,540,n=180;k=6;beta=0.1,0.0335195530726257,6.0,8,4,0.4297089947089947,tabu_search,5,0.06409019400598481,0,True
synthetic,watts_strogatz,watts_strogatz_n180_k=6_beta=0.1_r0,0,3601426,180,540,n=180;k=6;beta=0.1,0.0335195530726257,6.0,8,4,0.4297089947089947,structure_aware_hybrid,5,0.012713703996269032,0,True
synthetic,watts_strogatz,watts_strogatz_n180_k=6_beta=0.1_r1,1,3601443,180,540,n=180;k=6;beta=0.1,0.0335195530726257,6.0,8,4,0.43436507936507934,greedy_welsh_powell,5,0.00025071400159504265,0,True
synthetic,watts_strogatz,watts_strogatz_n180_k=6_beta=0.1_r1,1,3601443,180,540,n=180;k=6;beta=0.1,0.0335195530726257,6.0,8,4,0.43436507936507934,dsatur,5,0.01241486199432984,0,True
synthetic,watts_strogatz,watts_strogatz_n180_k=6_beta=0.1_r1,1,3601443,180,540,n=180;k=6;beta=0.1,0.0335195530726257,6.0,8,4,0.43436507936507934,tabu_search,5,0.06317369900352787,0,True
synthetic,watts_strogatz,watts_strogatz_n180_k=6_beta=0.1_r1,1,3601443,180,540,n=180;k=6;beta=0.1,0.0335195530726257,6.0,8,4,0.43436507936507934,structure_aware_hybrid,5,0.012938651998410933,0,True
synthetic,watts_strogatz,watts_strogatz_n180_k=6_beta=0.1_r2,2,3601460,180,540,n=180;k=6;beta=0.1,0.0335195530726257,6.0,9,4,0.43873456790123455,greedy_welsh_powell,6,0.00018368801102042198,0,True
synthetic,watts_strogatz,watts_strogatz_n180_k=6_beta=0.1_r2,2,3601460,180,540,n=180;k=6;beta=0.1,0.0335195530726257,6.0,9,4,0.43873456790123455,dsatur,5,0.012871638988144696,0,True
synthetic,watts_strogatz,watts_strogatz_n180_k=6_beta=0.1_r2,2,3601460,180,540,n=180;k=6;beta=0.1,0.0335195530726257,6.0,9,4,0.43873456790123455,tabu_search,5,0.06125481199705973,0,True
synthetic,watts_strogatz,watts_strogatz_n180_k=6_beta=0.1_r2,2,3601460,180,540,n=180;k=6;beta=0.1,0.0335195530726257,6.0,9,4,0.43873456790123455,structure_aware_hybrid,5,0.012129768001614138,0,True
synthetic,watts_strogatz,watts_strogatz_n180_k=6_beta=0.1_r3,3,3601477,180,540,n=180;k=6;beta=0.1,0.0335195530726257,6.0,8,4,0.494021164021164,greedy_welsh_powell,6,0.0001943889947142452,0,True
synthetic,watts_strogatz,watts_strogatz_n180_k=6_beta=0.1_r3,3,3601477,180,540,n=180;k=6;beta=0.1,0.0335195530726257,6.0,8,4,0.494021164021164,dsatur,5,0.012185318992123939,0,True
synthetic,watts_strogatz,watts_strogatz_n180_k=6_beta=0.1_r3,3,3601477,180,540,n=180;k=6;beta=0.1,0.0335195530726257,6.0,8,4,0.494021164021164,tabu_search,5,0.06272169800649863,0,True
synthetic,watts_strogatz,watts_strogatz_n180_k=6_beta=0.1_r3,3,3601477,180,540,n=180;k=6;beta=0.1,0.0335195530726257,6.0,8,4,0.494021164021164,structure_aware_hybrid,5,0.01257499199709855,0,True
synthetic,watts_strogatz,watts_strogatz_n180_k=10_beta=0.3_r0,0,3601427,180,900,n=180;k=10;beta=0.3,0.055865921787709494,10.0,14,7,0.24418525918525916,greedy_welsh_powell,7,0.00025825100601650774,0,True
synthetic,watts_strogatz,watts_strogatz_n180_k=10_beta=0.3_r0,0,3601427,180,900,n=180;k=10;beta=0.3,0.055865921787709494,10.0,14,7,0.24418525918525916,dsatur,6,0.016451451010652818,0,True
synthetic,watts_strogatz,watts_strogatz_n180_k=10_beta=0.3_r0,0,3601427,180,900,n=180;k=10;beta=0.3,0.055865921787709494,10.0,14,7,0.24418525918525916,tabu_search,6,0.09434859499742743,0,True
synthetic,watts_strogatz,watts_strogatz_n180_k=10_beta=0.3_r0,0,3601427,180,900,n=180;k=10;beta=0.3,0.055865921787709494,10.0,14,7,0.24418525918525916,structure_aware_hybrid,6,0.01664791400253307,0,True
synthetic,watts_strogatz,watts_strogatz_n180_k=10_beta=0.3_r1,1,3601444,180,900,n=180;k=10;beta=0.3,0.055865921787709494,10.0,15,7,0.24454295704295706,greedy_welsh_powell,8,0.00025387099594809115,0,True
synthetic,watts_strogatz,watts_strogatz_n180_k=10_beta=0.3_r1,1,3601444,180,900,n=180;k=10;beta=0.3,0.055865921787709494,10.0,15,7,0.24454295704295706,dsatur,7,0.0162813780043507,0,True
synthetic,watts_strogatz,watts_strogatz_n180_k=10_beta=0.3_r1,1,3601444,180,900,n=180;k=10;beta=0.3,0.055865921787709494,10.0,15,7,0.24454295704295706,tabu_search,7,0.08018866799829993,0,True
synthetic,watts_strogatz,watts_strogatz_n180_k=10_beta=0.3_r1,1,3601444,180,900,n=180;k=10;beta=0.3,0.055865921787709494,10.0,15,7,0.24454295704295706,structure_aware_hybrid,7,0.01640100400254596,0,True
synthetic,watts_strogatz,watts_strogatz_n180_k=10_beta=0.3_r2,2,3601461,180,900,n=180;k=10;beta=0.3,0.055865921787709494,10.0,16,7,0.23620004995004992,greedy_welsh_powell,7,0.00022831500973552465,0,True
synthetic,watts_strogatz,watts_strogatz_n180_k=10_beta=0.3_r2,2,3601461,180,900,n=180;k=10;beta=0.3,0.055865921787709494,10.0,16,7,0.23620004995004992,dsatur,6,0.016582534997723997,0,True
synthetic,watts_strogatz,watts_strogatz_n180_k=10_beta=0.3_r2,2,3601461,180,900,n=180;k=10;beta=0.3,0.055865921787709494,10.0,16,7,0.23620004995004992,tabu_search,6,0.09681084600742906,0,True
synthetic,watts_strogatz,watts_strogatz_n180_k=10_beta=0.3_r2,2,3601461,180,900,n=180;k=10;beta=0.3,0.055865921787709494,10.0,16,7,0.23620004995004992,structure_aware_hybrid,6,0.01620981900487095,0,True
synthetic,watts_strogatz,watts_strogatz_n180_k=10_beta=0.3_r3,3,3601478,180,900,n=180;k=10;beta=0.3,0.055865921787709494,10.0,15,7,0.2747204955538289,greedy_welsh_powell,7,0.00023975899966899306,0,True
synthetic,watts_strogatz,watts_strogatz_n180_k=10_beta=0.3_r3,3,3601478,180,900,n=180;k=10;beta=0.3,0.055865921787709494,10.0,15,7,0.2747204955538289,dsatur,7,0.01591141999233514,0,True
synthetic,watts_strogatz,watts_strogatz_n180_k=10_beta=0.3_r3,3,3601478,180,900,n=180;k=10;beta=0.3,0.055865921787709494,10.0,15,7,0.2747204955538289,tabu_search,7,0.0888537790015107,0,True
synthetic,watts_strogatz,watts_strogatz_n180_k=10_beta=0.3_r3,3,3601478,180,900,n=180;k=10;beta=0.3,0.055865921787709494,10.0,15,7,0.2747204955538289,structure_aware_hybrid,7,0.01607516199874226,0,True
synthetic,random_regular,random_regular_n180_d=6_r0,0,3601417,180,540,n=180;d=6,0.0335195530726257,6.0,6,6,0.016666666666666666,greedy_welsh_powell,6,0.00016534799942746758,0,True
synthetic,random_regular,random_regular_n180_d=6_r0,0,3601417,180,540,n=180;d=6,0.0335195530726257,6.0,6,6,0.016666666666666666,dsatur,4,0.01435305101040285,0,True
synthetic,random_regular,random_regular_n180_d=6_r0,0,3601417,180,540,n=180;d=6,0.0335195530726257,6.0,6,6,0.016666666666666666,tabu_search,4,0.058134718987275846,0,True
synthetic,random_regular,random_regular_n180_d=6_r0,0,3601417,180,540,n=180;d=6,0.0335195530726257,6.0,6,6,0.016666666666666666,structure_aware_hybrid,4,0.014235948998248205,0,True
synthetic,random_regular,random_regular_n180_d=6_r1,1,3601434,180,540,n=180;d=6,0.0335195530726257,6.0,6,6,0.026666666666666665,greedy_welsh_powell,5,0.0001815450086724013,0,True
synthetic,random_regular,random_regular_n180_d=6_r1,1,3601434,180,540,n=180;d=6,0.0335195530726257,6.0,6,6,0.026666666666666665,dsatur,4,0.014207594998879358,0,True
synthetic,random_regular,random_regular_n180_d=6_r1,1,3601434,180,540,n=180;d=6,0.0335195530726257,6.0,6,6,0.026666666666666665,tabu_search,4,0.061674438999034464,0,True
synthetic,random_regular,random_regular_n180_d=6_r1,1,3601434,180,540,n=180;d=6,0.0335195530726257,6.0,6,6,0.026666666666666665,structure_aware_hybrid,4,0.014478066994342953,0,True
synthetic,random_regular,random_regular_n180_d=6_r2,2,3601451,180,540,n=180;d=6,0.0335195530726257,6.0,6,6,0.01888888888888889,greedy_welsh_powell,5,0.00018383499991614372,0,True
synthetic,random_regular,random_regular_n180_d=6_r2,2,3601451,180,540,n=180;d=6,0.0335195530726257,6.0,6,6,0.01888888888888889,dsatur,4,0.013441931005218066,0,True
synthetic,random_regular,random_regular_n180_d=6_r2,2,3601451,180,540,n=180;d=6,0.0335195530726257,6.0,6,6,0.01888888888888889,tabu_search,4,0.05922621500212699,0,True
synthetic,random_regular,random_regular_n180_d=6_r2,2,3601451,180,540,n=180;d=6,0.0335195530726257,6.0,6,6,0.01888888888888889,structure_aware_hybrid,4,0.014259914998547174,0,True
synthetic,random_regular,random_regular_n180_d=6_r3,3,3601468,180,540,n=180;d=6,0.0335195530726257,6.0,6,6,0.025555555555555554,greedy_welsh_powell,5,0.00016416799917351454,0,True
synthetic,random_regular,random_regular_n180_d=6_r3,3,3601468,180,540,n=180;d=6,0.0335195530726257,6.0,6,6,0.025555555555555554,dsatur,5,0.014053652004804462,0,True
synthetic,random_regular,random_regular_n180_d=6_r3,3,3601468,180,540,n=180;d=6,0.0335195530726257,6.0,6,6,0.025555555555555554,tabu_search,4,0.09623911601374857,0,True
synthetic,random_regular,random_regular_n180_d=6_r3,3,3601468,180,540,n=180;d=6,0.0335195530726257,6.0,6,6,0.025555555555555554,structure_aware_hybrid,5,0.0141900140006328,0,True
synthetic,random_regular,random_regular_n180_d=10_r0,0,3601418,180,900,n=180;d=10,0.055865921787709494,10.0,10,10,0.05037037037037037,greedy_welsh_powell,7,0.00022527699184138328,0,True
synthetic,random_regular,random_regular_n180_d=10_r0,0,3601418,180,900,n=180;d=10,0.055865921787709494,10.0,10,10,0.05037037037037037,dsatur,6,0.01739725000516046,0,True
synthetic,random_regular,random_regular_n180_d=10_r0,0,3601418,180,900,n=180;d=10,0.055865921787709494,10.0,10,10,0.05037037037037037,tabu_search,6,0.07840504599153064,0,True
synthetic,random_regular,random_regular_n180_d=10_r0,0,3601418,180,900,n=180;d=10,0.055865921787709494,10.0,10,10,0.05037037037037037,structure_aware_hybrid,6,0.017348908993881196,0,True
synthetic,random_regular,random_regular_n180_d=10_r1,1,3601435,180,900,n=180;d=10,0.055865921787709494,10.0,10,10,0.04037037037037037,greedy_welsh_powell,7,0.00023509100719820708,0,True
synthetic,random_regular,random_regular_n180_d=10_r1,1,3601435,180,900,n=180;d=10,0.055865921787709494,10.0,10,10,0.04037037037037037,dsatur,6,0.0175226170103997,0,True
synthetic,random_regular,random_regular_n180_d=10_r1,1,3601435,180,900,n=180;d=10,0.055865921787709494,10.0,10,10,0.04037037037037037,tabu_search,6,0.09173081300104968,0,True
synthetic,random_regular,random_regular_n180_d=10_r1,1,3601435,180,900,n=180;d=10,0.055865921787709494,10.0,10,10,0.04037037037037037,structure_aware_hybrid,6,0.017572087002918124,0,True
synthetic,random_regular,random_regular_n180_d=10_r2,2,3601452,180,900,n=180;d=10,0.055865921787709494,10.0,10,10,0.04111111111111111,greedy_welsh_powell,7,0.00022713800717610866,0,True
synthetic,random_regular,random_regular_n180_d=10_r2,2,3601452,180,900,n=180;d=10,0.055865921787709494,10.0,10,10,0.04111111111111111,dsatur,6,0.017531002013129182,0,True
synthetic,random_regular,random_regular_n180_d=10_r2,2,3601452,180,900,n=180;d=10,0.055865921787709494,10.0,10,10,0.04111111111111111,tabu_search,6,0.08690352400299162,0,True
synthetic,random_regular,random_regular_n180_d=10_r2,2,3601452,180,900,n=180;d=10,0.055865921787709494,10.0,10,10,0.04111111111111111,structure_aware_hybrid,6,0.017386178005835973,0,True
synthetic,random_regular,random_regular_n180_d=10_r3,3,3601469,180,900,n=180;d=10,0.055865921787709494,10.0,10,10,0.04851851851851852,greedy_welsh_powell,7,0.00024088899954222143,0,True
synthetic,random_regular,random_regular_n180_d=10_r3,3,3601469,180,900,n=180;d=10,0.055865921787709494,10.0,10,10,0.04851851851851852,dsatur,6,0.01775654699304141,0,True
synthetic,random_regular,random_regular_n180_d=10_r3,3,3601469,180,900,n=180;d=10,0.055865921787709494,10.0,10,10,0.04851851851851852,tabu_search,6,0.0873470910009928,0,True
synthetic,random_regular,random_regular_n180_d=10_r3,3,3601469,180,900,n=180;d=10,0.055865921787709494,10.0,10,10,0.04851851851851852,structure_aware_hybrid,6,0.017678816002444364,0,True
benchmark,dimacs_small,huck,,79885,74,301,public DIMACS .col instance,0.1114402073306183,8.135135135135135,53,10,0.7735417220747848,greedy_welsh_powell,11,0.00010141100210603327,0,True
benchmark,dimacs_small,huck,,79885,74,301,public DIMACS .col instance,0.1114402073306183,8.135135135135135,53,10,0.7735417220747848,dsatur,11,0.002459641997120343,0,True
benchmark,dimacs_small,huck,,79885,74,301,public DIMACS .col instance,0.1114402073306183,8.135135135135135,53,10,0.7735417220747848,tabu_search,11,0.014769403001992032,0,True
benchmark,dimacs_small,huck,,79885,74,301,public DIMACS .col instance,0.1114402073306183,8.135135135135135,53,10,0.7735417220747848,structure_aware_hybrid,11,0.002586977992905304,0,True
benchmark,dimacs_small,myciel3,,23410,11,20,public DIMACS .col instance,0.36363636363636365,3.6363636363636362,5,3,0.0,greedy_welsh_powell,4,2.704700455069542e-05,0,True
benchmark,dimacs_small,myciel3,,23410,11,20,public DIMACS .col instance,0.36363636363636365,3.6363636363636362,5,3,0.0,dsatur,4,7.537999772466719e-05,0,True
benchmark,dimacs_small,myciel3,,23410,11,20,public DIMACS .col instance,0.36363636363636365,3.6363636363636362,5,3,0.0,tabu_search,4,0.0014705840003443882,0,True
benchmark,dimacs_small,myciel3,,23410,11,20,public DIMACS .col instance,0.36363636363636365,3.6363636363636362,5,3,0.0,structure_aware_hybrid,4,0.001482420993852429,0,True
benchmark,dimacs_small,myciel4,,8011,23,71,public DIMACS .col instance,0.28063241106719367,6.173913043478261,11,5,0.0,greedy_welsh_powell,5,3.153400029987097e-05,0,True
benchmark,dimacs_small,myciel4,,8011,23,71,public DIMACS .col instance,0.28063241106719367,6.173913043478261,11,5,0.0,dsatur,5,0.00025851400278043,0,True
benchmark,dimacs_small,myciel4,,8011,23,71,public DIMACS .col instance,0.28063241106719367,6.173913043478261,11,5,0.0,tabu_search,5,0.003183888999046758,0,True
benchmark,dimacs_small,myciel4,,8011,23,71,public DIMACS .col instance,0.28063241106719367,6.173913043478261,11,5,0.0,structure_aware_hybrid,5,0.003222914005164057,0,True
benchmark,dimacs_small,myciel5,,81289,47,236,public DIMACS .col instance,0.2183163737280296,10.042553191489361,23,8,0.0,greedy_welsh_powell,6,6.586700328625739e-05,0,True
benchmark,dimacs_small,myciel5,,81289,47,236,public DIMACS .col instance,0.2183163737280296,10.042553191489361,23,8,0.0,dsatur,6,0.0011915240029338747,0,True
benchmark,dimacs_small,myciel5,,81289,47,236,public DIMACS .col instance,0.2183163737280296,10.042553191489361,23,8,0.0,tabu_search,6,0.01082267300807871,0,True
benchmark,dimacs_small,myciel5,,81289,47,236,public DIMACS .col instance,0.2183163737280296,10.042553191489361,23,8,0.0,structure_aware_hybrid,6,0.010990568000124767,0,True
benchmark,dimacs_small,queen5_5,,58691,25,160,public DIMACS .col instance,0.5333333333333333,12.8,16,12,0.5030915750915751,greedy_welsh_powell,7,4.3648004066199064e-05,0,True
benchmark,dimacs_small,queen5_5,,58691,25,160,public DIMACS .col instance,0.5333333333333333,12.8,16,12,0.5030915750915751,dsatur,5,0.00037813901144545525,0,True
benchmark,dimacs_small,queen5_5,,58691,25,160,public DIMACS .col instance,0.5333333333333333,12.8,16,12,0.5030915750915751,tabu_search,5,0.012948713003424928,0,True
benchmark,dimacs_small,queen5_5,,58691,25,160,public DIMACS .col instance,0.5333333333333333,12.8,16,12,0.5030915750915751,structure_aware_hybrid,5,0.012453310991986655,0,True
